{"cycle":577,"s1":971,"s2":1.1110660106855916,"failure":1}
{"cycle":578,"s1":912,"s2":0.7273936750357498,"failure":1}
{"cycle":579,"s1":740,"s2":1.056533976983569,"failure":1}
{"cycle":580,"s1":536,"s2":1.4871388697264638,"failure":1}
{"cycle":581,"s1":554,"s2":0.5651131178748673,"failure":1}
{"cycle":582,"s1":748,"s2":1.092539033191662,"failure":1}
{"cycle":583,"s1":879,"s2":0.5673282277351308,"failure":1}
{"cycle":584,"s1":861,"s2":1.4167651801479566,"failure":1}
{"cycle":585,"s1":582,"s2":0.6446636472249442,"failure":1}
{"cycle":586,"s1":735,"s2":1.4184850943565679,"failure":1}
{"cycle":587,"s1":643,"s2":0.7059428469637867,"failure":1}
{"cycle":588,"s1":742,"s2":1.004465649661849,"failure":1}
{"cycle":589,"s1":971,"s2":1.6094405356725328,"failure":1}
{"cycle":590,"s1":704,"s2":0.5109079627579656,"failure":1}
{"cycle":591,"s1":703,"s2":1.1764635631973088,"failure":1}
{"cycle":592,"s1":522,"s2":1.2987689048542344,"failure":1}
{"cycle":593,"s1":726,"s2":1.028323953916199,"failure":1}
{"cycle":594,"s1":812,"s2":1.4719471996689837,"failure":1}
{"cycle":595,"s1":690,"s2":0.9173305597723121,"failure":1}
{"cycle":596,"s1":855,"s2":0.8366325305224022,"failure":1}
{"cycle":597,"s1":571,"s2":0.8403530631610149,"failure":1}
{"cycle":598,"s1":952,"s2":2.1086625922493516,"failure":1}
{"cycle":599,"s1":784,"s2":0.7513975573813811,"failure":1}
{"cycle":600,"s1":704,"s2":0.18735320777207712,"failure":1}
{"cycle":601,"s1":529,"s2":1.1645511602998055,"failure":1}
{"cycle":602,"s1":684,"s2":0.5691764361817715,"failure":1}
{"cycle":603,"s1":806,"s2":1.210238677038976,"failure":1}
{"cycle":604,"s1":596,"s2":1.9806037109388157,"failure":1}
{"cycle":605,"s1":693,"s2":1.218229415210255,"failure":1}
{"cycle":606,"s1":987,"s2":0.6753087065439022,"failure":1}
{"cycle":607,"s1":510,"s2":2.325458739245688,"failure":1}
{"cycle":608,"s1":936,"s2":1.3561960580938053,"failure":1}
{"cycle":609,"s1":901,"s2":1.1364549387083756,"failure":1}
{"cycle":610,"s1":816,"s2":1.2013922247492057,"failure":1}
{"cycle":611,"s1":914,"s2":1.315469091030517,"failure":1}
{"cycle":612,"s1":939,"s2":1.382704234474212,"failure":1}
{"cycle":613,"s1":610,"s2":1.0189281643008812,"failure":1}
{"cycle":614,"s1":917,"s2":1.0726505371805484,"failure":1}
{"cycle":615,"s1":504,"s2":0.7854029085517737,"failure":1}
{"cycle":616,"s1":657,"s2":0.6273876655693081,"failure":1}
{"cycle":617,"s1":849,"s2":1.5719442468797737,"failure":1}
{"cycle":618,"s1":551,"s2":1.2918333779692106,"failure":1}
{"cycle":619,"s1":590,"s2":0.7151558544653686,"failure":1}
{"cycle":620,"s1":760,"s2":0.6586451536553201,"failure":1}
{"cycle":621,"s1":738,"s2":0.32773742993838256,"failure":1}
{"cycle":622,"s1":679,"s2":0.7963572185257289,"failure":1}
{"cycle":623,"s1":916,"s2":0.9023934226309294,"failure":1}
{"cycle":624,"s1":787,"s2":0.6911513209378541,"failure":1}
{"cycle":625,"s1":629,"s2":0.5723526829265624,"failure":1}
{"cycle":626,"s1":693,"s2":1.2797869728843874,"failure":1}
{"cycle":627,"s1":929,"s2":1.0607362783414491,"failure":1}
{"cycle":628,"s1":735,"s2":1.249214622384692,"failure":1}
{"cycle":629,"s1":662,"s2":0.6758350008359142,"failure":1}
{"cycle":630,"s1":975,"s2":1.1920773025144693,"failure":1}
{"cycle":631,"s1":702,"s2":0.7142529572522898,"failure":1}
