{"cycle":474,"s1":607,"s2":1.3152915214818215,"failure":0}
{"cycle":475,"s1":573,"s2":1.4178634822631806,"failure":0}
{"cycle":476,"s1":697,"s2":0.784991670018173,"failure":0}
{"cycle":477,"s1":721,"s2":0.9295778269675722,"failure":0}
{"cycle":478,"s1":588,"s2":1.4734529625115835,"failure":0}
{"cycle":479,"s1":741,"s2":0.7439660944385009,"failure":0}
{"cycle":480,"s1":577,"s2":1.7536442516098092,"failure":0}
{"cycle":481,"s1":703,"s2":1.5909893108201634,"failure":0}
{"cycle":482,"s1":731,"s2":0.5721986992540185,"failure":0}
{"cycle":483,"s1":585,"s2":0.549255488289505,"failure":0}
{"cycle":484,"s1":515,"s2":0.9198967175545338,"failure":0}
{"cycle":485,"s1":573,"s2":1.1230653544489286,"failure":0}
{"cycle":486,"s1":518,"s2":1.05567463533581,"failure":0}
{"cycle":487,"s1":704,"s2":0.5931131173676607,"failure":0}
{"cycle":488,"s1":656,"s2":1.8718901825023688,"failure":0}
{"cycle":489,"s1":636,"s2":1.6006672254473397,"failure":0}
{"cycle":490,"s1":561,"s2":1.7033227648532538,"failure":0}
{"cycle":491,"s1":659,"s2":0.4169277887191066,"failure":0}
{"cycle":492,"s1":625,"s2":1.255801645649011,"failure":0}
{"cycle":493,"s1":739,"s2":0.6668633323323958,"failure":0}
{"cycle":494,"s1":743,"s2":1.2739321541815487,"failure":0}
{"cycle":495,"s1":662,"s2":0.6687424243481976,"failure":0}
{"cycle":496,"s1":586,"s2":1.154683168748441,"failure":0}
{"cycle":497,"s1":665,"s2":2.2416789389147307,"failure":0}
{"cycle":498,"s1":663,"s2":1.3043851653151008,"failure":0}
{"cycle":499,"s1":594,"s2":1.371463080556555,"failure":0}
{"cycle":500,"s1":653,"s2":1.942725401524648,"failure":0}
{"cycle":501,"s1":684,"s2":1.2257162574318219,"failure":0}
{"cycle":502,"s1":673,"s2":1.1668095874684492,"failure":0}
{"cycle":503,"s1":714,"s2":1.8372992257708376,"failure":0}
{"cycle":504,"s1":513,"s2":1.2032956695684998,"failure":0}
{"cycle":505,"s1":747,"s2":1.3677278912857935,"failure":0}
{"cycle":506,"s1":594,"s2":0.8693307841390064,"failure":0}
{"cycle":507,"s1":541,"s2":0.928041586113532,"failure":0}
{"cycle":508,"s1":580,"s2":0.89487949759374,"failure":0}
{"cycle":509,"s1":560,"s2":0.8497932920100091,"failure":0}
{"cycle":510,"s1":682,"s2":0.8835680496273813,"failure":0}
{"cycle":511,"s1":653,"s2":0.846521139481261,"failure":0}
{"cycle":512,"s1":705,"s2":0.8258256367516351,"failure":0}
{"cycle":513,"s1":636,"s2":1.074021532403676,"failure":0}
{"cycle":514,"s1":747,"s2":0.7634582538237831,"failure":0}
{"cycle":515,"s1":634,"s2":1.687961478169975,"failure":0}
{"cycle":516,"s1":729,"s2":0.31766635003775184,"failure":0}
{"cycle":517,"s1":590,"s2":0.835439894976553,"failure":0}
{"cycle":518,"s1":529,"s2":1.337454224916513,"failure":0}
{"cycle":519,"s1":615,"s2":0.5010381916366686,"failure":0}
{"cycle":520,"s1":618,"s2":1.513756588875333,"failure":0}
{"cycle":521,"s1":625,"s2":1.4709021065386196,"failure":0}
{"cycle":522,"s1":548,"s2":0.9782244783534011,"failure":0}
{"cycle":523,"s1":601,"s2":0.511289286571466,"failure":0}
{"cycle":524,"s1":640,"s2":1.2066932749708466,"failure":0}
{"cycle":525,"s1":743,"s2":0.40096026984688893,"failure":0}
{"cycle":526,"s1":564,"s2":1.1364267532106886,"failure":0}
{"cycle":527,"s1":713,"s2":1.1690008913913528,"failure":0}
{"cycle":528,"s1":679,"s2":0.48073026005186986,"failure":0}
{"cycle":529,"s1":613,"s2":0.864986511948957,"failure":0}
{"cycle":530,"s1":567,"s2":0.7349530827408284,"failure":0}
{"cycle":531,"s1":544,"s2":1.3126265241601762,"failure":0}
{"cycle":532,"s1":554,"s2":0.758582491134366,"failure":0}
{"cycle":533,"s1":503,"s2":1.7557031069852311,"failure":0}
{"cycle":534,"s1":719,"s2":0.9691725851122485,"failure":0}
{"cycle":535,"s1":713,"s2":0.8208804979487516,"failure":0}
{"cycle":536,"s1":627,"s2":0.975107879270585,"failure":0}
{"cycle":537,"s1":704,"s2":1.425088896218917,"failure":0}
{"cycle":538,"s1":577,"s2":0.832861219198049,"failure":0}
{"cycle":539,"s1":588,"s2":0.6046084957951238,"failure":0}
{"cycle":540,"s1":730,"s2":0.3428567890453563,"failure":0}
{"cycle":541,"s1":706,"s2":1.2446746518710248,"failure":0}
{"cycle":542,"s1":638,"s2":0.3664921828942197,"failure":0}
{"cycle":543,"s1":585,"s2":1.2290854434046137,"failure":0}
{"cycle":544,"s1":535,"s2":0.551958091353273,"failure":0}
{"cycle":545,"s1":537,"s2":3.1732158205581302,"failure":0}
{"cycle":546,"s1":591,"s2":1.0214204073177324,"failure":0}
{"cycle":547,"s1":653,"s2":1.1262703914231782,"failure":0}
{"cycle":548,"s1":546,"s2":1.0013443707927994,"failure":0}
{"cycle":549,"s1":696,"s2":1.2538447258841516,"failure":0}
{"cycle":550,"s1":599,"s2":0.5718291456977478,"failure":0}
{"cycle":551,"s1":590,"s2":0.3312543501909381,"failure":0}
{"cycle":552,"s1":627,"s2":0.6605248607622956,"failure":0}
{"cycle":553,"s1":682,"s2":1.1543633908017803,"failure":0}
{"cycle":554,"s1":501,"s2":1.1765417502129838,"failure":0}
{"cycle":555,"s1":533,"s2":0.7943904524897498,"failure":0}
{"cycle":556,"s1":650,"s2":1.0036385474263443,"failure":0}
{"cycle":557,"s1":687,"s2":1.0734593000977255,"failure":0}
{"cycle":558,"s1":698,"s2":0.3945559898967073,"failure":0}
{"cycle":559,"s1":683,"s2":0.8111117275663101,"failure":0}
{"cycle":560,"s1":529,"s2":0.3167141008868666,"failure":0}
{"cycle":561,"s1":669,"s2":0.5690792940561729,"failure":0}
{"cycle":562,"s1":561,"s2":1.8424518965788148,"failure":0}
{"cycle":563,"s1":571,"s2":0.7218072122740615,"failure":0}
{"cycle":564,"s1":710,"s2":0.8008086945670181,"failure":0}
{"cycle":565,"s1":521,"s2":1.4641296504916672,"failure":0}
{"cycle":566,"s1":737,"s2":1.1151138390858368,"failure":0}
{"cycle":567,"s1":544,"s2":0.6381293375151145,"failure":0}
{"cycle":568,"s1":746,"s2":0.8011475480979742,"failure":0}
{"cycle":569,"s1":674,"s2":0.8678439893104499,"failure":0}
{"cycle":570,"s1":594,"s2":1.6230168991914593,"failure":0}
{"cycle":571,"s1":536,"s2":1.8517419882694202,"failure":0}
{"cycle":572,"s1":681,"s2":1.0563186267780722,"failure":0}
{"cycle":573,"s1":687,"s2":0.6369592952405486,"failure":0}
{"cycle":574,"s1":558,"s2":0.7827949687387211,"failure":0}
{"cycle":575,"s1":664,"s2":0.9205640535302557,"failure":0}
{"cycle":576,"s1":744,"s2":1.1579498398077277,"failure":0}
