{"cycle":545,"s1":633,"s2":1.2988003802121764,"failure":0}
{"cycle":546,"s1":731,"s2":1.3773420159924308,"failure":0}
{"cycle":547,"s1":611,"s2":0.5753299342434115,"failure":0}
{"cycle":548,"s1":675,"s2":0.6904235409108705,"failure":0}
{"cycle":549,"s1":624,"s2":0.5546095486769214,"failure":0}
{"cycle":550,"s1":508,"s2":1.6326535263234394,"failure":0}
{"cycle":551,"s1":698,"s2":1.1036991523475967,"failure":0}
{"cycle":552,"s1":736,"s2":1.5461029943350997,"failure":0}
{"cycle":553,"s1":686,"s2":0.26640708185214457,"failure":0}
{"cycle":554,"s1":506,"s2":0.32039273069789537,"failure":0}
{"cycle":555,"s1":718,"s2":1.0910940544812338,"failure":0}
{"cycle":556,"s1":614,"s2":0.7149228707160901,"failure":0}
{"cycle":557,"s1":698,"s2":2.075403062959126,"failure":0}
{"cycle":558,"s1":705,"s2":0.640697088289532,"failure":0}
{"cycle":559,"s1":601,"s2":1.4601742733899912,"failure":0}
{"cycle":560,"s1":738,"s2":0.7477291304155957,"failure":0}
{"cycle":561,"s1":576,"s2":0.4780714533298204,"failure":0}
{"cycle":562,"s1":671,"s2":0.817834211421979,"failure":0}
{"cycle":563,"s1":543,"s2":1.332869613992857,"failure":0}
{"cycle":564,"s1":680,"s2":0.649146794430738,"failure":0}
{"cycle":565,"s1":581,"s2":1.3078627154354063,"failure":0}
{"cycle":566,"s1":509,"s2":0.9813659254832967,"failure":0}
{"cycle":567,"s1":551,"s2":0.16894721021459166,"failure":0}
{"cycle":568,"s1":606,"s2":1.207186024700047,"failure":0}
{"cycle":569,"s1":706,"s2":0.6730557810997883,"failure":0}
{"cycle":570,"s1":606,"s2":0.44626407818681646,"failure":0}
{"cycle":571,"s1":698,"s2":0.4398244389168373,"failure":0}
{"cycle":572,"s1":618,"s2":1.2978967759491917,"failure":0}
{"cycle":573,"s1":677,"s2":0.6816398448707968,"failure":0}
{"cycle":574,"s1":570,"s2":0.9344861878994666,"failure":0}
{"cycle":575,"s1":638,"s2":0.4389459287331293,"failure":0}
{"cycle":576,"s1":642,"s2":1.056432872889666,"failure":0}
{"cycle":577,"s1":591,"s2":0.8785002905729218,"failure":0}
{"cycle":578,"s1":672,"s2":0.887965842250235,"failure":0}
{"cycle":579,"s1":576,"s2":0.6409116507484142,"failure":0}
{"cycle":580,"s1":680,"s2":1.1252995007430453,"failure":0}
{"cycle":581,"s1":737,"s2":0.42677458322399786,"failure":0}
{"cycle":582,"s1":697,"s2":0.7271271606801202,"failure":0}
{"cycle":583,"s1":731,"s2":1.511460995127258,"failure":0}
{"cycle":584,"s1":550,"s2":1.096098015663521,"failure":0}
{"cycle":585,"s1":601,"s2":0.770137321258195,"failure":0}
{"cycle":586,"s1":504,"s2":1.775093846767555,"failure":0}
{"cycle":587,"s1":523,"s2":0.5975890064678268,"failure":0}
{"cycle":588,"s1":652,"s2":0.6620538207107793,"failure":0}
{"cycle":589,"s1":501,"s2":0.9615641649796143,"failure":0}
{"cycle":590,"s1":642,"s2":0.6014523923363305,"failure":0}
{"cycle":591,"s1":583,"s2":0.6803093693227884,"failure":0}
{"cycle":592,"s1":550,"s2":1.2634381004589412,"failure":0}
{"cycle":593,"s1":578,"s2":0.9736029844639555,"failure":0}
{"cycle":594,"s1":539,"s2":2.2200081496087063,"failure":0}
{"cycle":595,"s1":545,"s2":0.4024526178819676,"failure":0}
{"cycle":596,"s1":546,"s2":0.8996917637973706,"failure":0}
{"cycle":597,"s1":711,"s2":0.6949210194976475,"failure":0}
{"cycle":598,"s1":577,"s2":1.3405057866671612,"failure":0}
{"cycle":599,"s1":681,"s2":0.5129492914917434,"failure":0}
{"cycle":600,"s1":668,"s2":1.035459574694072,"failure":0}
{"cycle":601,"s1":509,"s2":2.003481871507101,"failure":0}
{"cycle":602,"s1":556,"s2":0.514471471845438,"failure":0}
{"cycle":603,"s1":727,"s2":0.3933687773686479,"failure":0}
{"cycle":604,"s1":538,"s2":0.9953753112672639,"failure":0}
{"cycle":605,"s1":668,"s2":0.8194042192144181,"failure":0}
{"cycle":606,"s1":731,"s2":0.6560256977084424,"failure":0}
{"cycle":607,"s1":664,"s2":1.0900708832441504,"failure":0}
{"cycle":608,"s1":557,"s2":0.5832141425275906,"failure":0}
{"cycle":609,"s1":719,"s2":1.5660947254972055,"failure":0}
{"cycle":610,"s1":669,"s2":2.1646560218684305,"failure":0}
{"cycle":611,"s1":608,"s2":1.0171683593630811,"failure":0}
{"cycle":612,"s1":587,"s2":1.0584177232834309,"failure":0}
{"cycle":613,"s1":655,"s2":0.7746248548248245,"failure":0}
{"cycle":614,"s1":512,"s2":1.2209923742749473,"failure":0}
{"cycle":615,"s1":648,"s2":0.8551100527396761,"failure":0}
{"cycle":616,"s1":511,"s2":1.6754352152285965,"failure":0}
{"cycle":617,"s1":512,"s2":0.9028530280931777,"failure":0}
{"cycle":618,"s1":538,"s2":1.1609545801149883,"failure":0}
{"cycle":619,"s1":643,"s2":0.4208215540959486,"failure":0}
{"cycle":620,"s1":627,"s2":1.69576899489715,"failure":0}
{"cycle":621,"s1":656,"s2":1.0873413788336925,"failure":0}
{"cycle":622,"s1":745,"s2":1.1064321266330759,"failure":0}
{"cycle":623,"s1":635,"s2":1.0965664068084053,"failure":0}
{"cycle":624,"s1":737,"s2":0.6532877247846527,"failure":0}
{"cycle":625,"s1":544,"s2":0.40886566887066733,"failure":0}
{"cycle":626,"s1":650,"s2":0.7042458517303041,"failure":0}
{"cycle":627,"s1":641,"s2":0.6499210709503704,"failure":0}
{"cycle":628,"s1":628,"s2":0.6573066005454152,"failure":0}
{"cycle":629,"s1":555,"s2":0.8754932488340762,"failure":0}
{"cycle":630,"s1":627,"s2":0.7465959897770825,"failure":0}
{"cycle":631,"s1":672,"s2":1.7780091452319033,"failure":0}
{"cycle":632,"s1":518,"s2":0.8659176855764039,"failure":0}
{"cycle":633,"s1":533,"s2":1.1886678735063945,"failure":0}
{"cycle":634,"s1":612,"s2":0.40693867147796137,"failure":0}
{"cycle":635,"s1":610,"s2":0.825201808999657,"failure":0}
{"cycle":636,"s1":605,"s2":1.4486503089468048,"failure":0}
{"cycle":637,"s1":653,"s2":1.4744210647102467,"failure":0}
{"cycle":638,"s1":679,"s2":1.8461336147829144,"failure":0}
{"cycle":639,"s1":572,"s2":0.8645163304727677,"failure":0}
{"cycle":640,"s1":735,"s2":0.6730100623175862,"failure":0}
{"cycle":641,"s1":701,"s2":1.0404006218504098,"failure":0}
{"cycle":642,"s1":719,"s2":0.7405572781920253,"failure":0}
{"cycle":643,"s1":630,"s2":2.014362124179689,"failure":0}
{"cycle":644,"s1":586,"s2":1.567297940385429,"failure":0}
{"cycle":645,"s1":574,"s2":1.3081367936491186,"failure":0}
{"cycle":646,"s1":701,"s2":0.7369819989381178,"failure":0}
{"cycle":647,"s1":744,"s2":0.7327748486101797,"failure":0}
