{"cycle":648,"s1":644,"s2":1.8211807577152725,"failure":1}
{"cycle":649,"s1":987,"s2":1.058774488231491,"failure":1}
{"cycle":650,"s1":832,"s2":0.7970121980707815,"failure":1}
{"cycle":651,"s1":505,"s2":1.4865824267115904,"failure":1}
{"cycle":652,"s1":621,"s2":0.9887928968357604,"failure":1}
{"cycle":653,"s1":879,"s2":0.5715084168505882,"failure":1}
{"cycle":654,"s1":846,"s2":0.4970665963627221,"failure":1}
{"cycle":655,"s1":820,"s2":0.7347286586996096,"failure":1}
{"cycle":656,"s1":733,"s2":0.9573973660546085,"failure":1}
{"cycle":657,"s1":587,"s2":0.376356544973326,"failure":1}
{"cycle":658,"s1":924,"s2":0.9665493137366499,"failure":1}
{"cycle":659,"s1":566,"s2":0.9506495847312199,"failure":1}
{"cycle":660,"s1":588,"s2":1.8588025874899212,"failure":1}
{"cycle":661,"s1":977,"s2":1.4156111750837204,"failure":1}
{"cycle":662,"s1":787,"s2":0.49769229643030366,"failure":1}
{"cycle":663,"s1":600,"s2":0.5528488274175763,"failure":1}
{"cycle":664,"s1":686,"s2":1.2732981638119103,"failure":1}
{"cycle":665,"s1":662,"s2":1.4683898302509433,"failure":1}
{"cycle":666,"s1":869,"s2":0.7181412727263023,"failure":1}
{"cycle":667,"s1":745,"s2":0.22405789358797143,"failure":1}
{"cycle":668,"s1":807,"s2":1.106735343887769,"failure":1}
{"cycle":669,"s1":779,"s2":1.6927701947514648,"failure":1}
{"cycle":670,"s1":594,"s2":1.0643764748597573,"failure":1}
{"cycle":671,"s1":873,"s2":0.4866408574691537,"failure":1}
{"cycle":672,"s1":941,"s2":0.5368967282958852,"failure":1}
{"cycle":673,"s1":652,"s2":1.844564958450039,"failure":1}
{"cycle":674,"s1":831,"s2":0.37188359153445494,"failure":1}
{"cycle":675,"s1":656,"s2":1.196335933126046,"failure":1}
{"cycle":676,"s1":595,"s2":1.4986025575663695,"failure":1}
{"cycle":677,"s1":908,"s2":1.381483654476067,"failure":1}
{"cycle":678,"s1":886,"s2":0.935159284245769,"failure":1}
{"cycle":679,"s1":628,"s2":0.8842682248837791,"failure":1}
{"cycle":680,"s1":884,"s2":0.5896332107437889,"failure":1}
{"cycle":681,"s1":547,"s2":0.3851688876121931,"failure":1}
{"cycle":682,"s1":972,"s2":0.3791264595035859,"failure":1}
{"cycle":683,"s1":850,"s2":1.2805600473884005,"failure":1}
{"cycle":684,"s1":948,"s2":2.0344647285788575,"failure":1}
{"cycle":685,"s1":749,"s2":0.5901388638904942,"failure":1}
{"cycle":686,"s1":506,"s2":1.717679294317599,"failure":1}
{"cycle":687,"s1":999,"s2":1.0562174999474554,"failure":1}
{"cycle":688,"s1":516,"s2":0.9825053941367651,"failure":1}
{"cycle":689,"s1":875,"s2":0.6026633526610738,"failure":1}
{"cycle":690,"s1":750,"s2":0.4038943856094108,"failure":1}
{"cycle":691,"s1":587,"s2":0.7605957090350042,"failure":1}
{"cycle":692,"s1":985,"s2":0.8689648766537046,"failure":1}
{"cycle":693,"s1":806,"s2":0.8508212996000406,"failure":1}
{"cycle":694,"s1":529,"s2":1.115782293043919,"failure":1}
{"cycle":695,"s1":579,"s2":1.0162095336913937,"failure":1}
{"cycle":696,"s1":769,"s2":1.2119425713892626,"failure":1}
{"cycle":697,"s1":691,"s2":0.8723718258167791,"failure":1}
