{"cycle":507,"s1":710,"s2":0.9063452936629786,"failure":0}
{"cycle":508,"s1":551,"s2":0.35930395684670147,"failure":0}
{"cycle":509,"s1":673,"s2":0.184267504245805,"failure":0}
{"cycle":510,"s1":539,"s2":0.619523658625136,"failure":0}
{"cycle":511,"s1":564,"s2":0.3569140120083436,"failure":0}
{"cycle":512,"s1":720,"s2":0.8178035568684372,"failure":0}
{"cycle":513,"s1":596,"s2":0.8144463535076698,"failure":0}
{"cycle":514,"s1":727,"s2":1.7885507335009543,"failure":0}
{"cycle":515,"s1":518,"s2":1.4259664911283234,"failure":0}
{"cycle":516,"s1":707,"s2":0.5721339833362924,"failure":0}
{"cycle":517,"s1":621,"s2":0.7235051823102798,"failure":0}
{"cycle":518,"s1":721,"s2":0.5797842566448018,"failure":0}
{"cycle":519,"s1":659,"s2":1.2580321173117952,"failure":0}
{"cycle":520,"s1":573,"s2":1.0689868128436213,"failure":0}
{"cycle":521,"s1":610,"s2":1.1228319489882324,"failure":0}
{"cycle":522,"s1":597,"s2":0.8775224727753779,"failure":0}
{"cycle":523,"s1":595,"s2":0.6888981644710168,"failure":0}
{"cycle":524,"s1":620,"s2":0.47404118186003635,"failure":0}
{"cycle":525,"s1":505,"s2":1.0002887199773098,"failure":0}
{"cycle":526,"s1":511,"s2":1.055122962540691,"failure":0}
{"cycle":527,"s1":655,"s2":0.5223829125656188,"failure":0}
{"cycle":528,"s1":507,"s2":0.6787014799346779,"failure":0}
{"cycle":529,"s1":634,"s2":0.8211834880303265,"failure":0}
{"cycle":530,"s1":690,"s2":1.6517435112815502,"failure":0}
{"cycle":531,"s1":745,"s2":1.099610233290596,"failure":0}
{"cycle":532,"s1":730,"s2":1.2356629914323032,"failure":0}
{"cycle":533,"s1":741,"s2":1.6203439246188058,"failure":0}
{"cycle":534,"s1":721,"s2":0.9326992782721512,"failure":0}
{"cycle":535,"s1":749,"s2":1.066659298400959,"failure":0}
{"cycle":536,"s1":748,"s2":1.55513647968002,"failure":0}
{"cycle":537,"s1":594,"s2":1.0072084512357793,"failure":0}
{"cycle":538,"s1":528,"s2":1.49373842061374,"failure":0}
{"cycle":539,"s1":733,"s2":0.46438469318452646,"failure":0}
{"cycle":540,"s1":633,"s2":1.2335664999045173,"failure":0}
{"cycle":541,"s1":685,"s2":0.7840369762199084,"failure":0}
{"cycle":542,"s1":702,"s2":0.40834992349066734,"failure":0}
{"cycle":543,"s1":670,"s2":0.37042406464698463,"failure":0}
{"cycle":544,"s1":549,"s2":0.8195004408992459,"failure":0}
{"cycle":545,"s1":597,"s2":1.2568747864236722,"failure":0}
{"cycle":546,"s1":546,"s2":0.7691182649955979,"failure":0}
{"cycle":547,"s1":705,"s2":0.7334395131836886,"failure":0}
{"cycle":548,"s1":605,"s2":1.0748144248797553,"failure":0}
{"cycle":549,"s1":737,"s2":0.7715619546022553,"failure":0}
{"cycle":550,"s1":512,"s2":0.6320910466262106,"failure":0}
{"cycle":551,"s1":654,"s2":0.8534572681258424,"failure":0}
{"cycle":552,"s1":574,"s2":1.1693605709668071,"failure":0}
{"cycle":553,"s1":685,"s2":0.8593768455892834,"failure":0}
{"cycle":554,"s1":658,"s2":0.4349406592648126,"failure":0}
{"cycle":555,"s1":745,"s2":1.155001659669065,"failure":0}
{"cycle":556,"s1":533,"s2":1.128613789347774,"failure":0}
{"cycle":557,"s1":648,"s2":0.3240821230770055,"failure":0}
{"cycle":558,"s1":618,"s2":0.5921648086451471,"failure":0}
{"cycle":559,"s1":511,"s2":0.5293906086507812,"failure":0}
{"cycle":560,"s1":673,"s2":1.0776918589821323,"failure":0}
{"cycle":561,"s1":595,"s2":0.8442330597487733,"failure":0}
{"cycle":562,"s1":678,"s2":1.3178167816283888,"failure":0}
{"cycle":563,"s1":697,"s2":0.41832420963778505,"failure":0}
{"cycle":564,"s1":712,"s2":1.8232750855271305,"failure":0}
{"cycle":565,"s1":684,"s2":1.0626801987938546,"failure":0}
{"cycle":566,"s1":569,"s2":0.25856101974612067,"failure":0}
{"cycle":567,"s1":664,"s2":0.41043775559511897,"failure":0}
{"cycle":568,"s1":693,"s2":0.7480589183889225,"failure":0}
{"cycle":569,"s1":598,"s2":1.0601452715873814,"failure":0}
{"cycle":570,"s1":734,"s2":0.3209985609026563,"failure":0}
{"cycle":571,"s1":616,"s2":0.5362761788418322,"failure":0}
{"cycle":572,"s1":600,"s2":0.500002853966722,"failure":0}
{"cycle":573,"s1":699,"s2":1.6017741097955103,"failure":0}
{"cycle":574,"s1":623,"s2":1.1607859374009297,"failure":0}
{"cycle":575,"s1":586,"s2":0.6231401826340479,"failure":0}
{"cycle":576,"s1":664,"s2":1.6443772946969748,"failure":0}
{"cycle":577,"s1":503,"s2":0.603856595568543,"failure":0}
{"cycle":578,"s1":707,"s2":2.447569267493301,"failure":0}
{"cycle":579,"s1":608,"s2":1.267829946753254,"failure":0}
{"cycle":580,"s1":676,"s2":1.1089885851035859,"failure":0}
{"cycle":581,"s1":641,"s2":0.594848967009026,"failure":0}
{"cycle":582,"s1":717,"s2":1.096941600769759,"failure":0}
{"cycle":583,"s1":658,"s2":0.7881624736606846,"failure":0}
{"cycle":584,"s1":688,"s2":0.15180675752151912,"failure":0}
{"cycle":585,"s1":651,"s2":0.7594564070857579,"failure":0}
{"cycle":586,"s1":655,"s2":0.7804735477492668,"failure":0}
{"cycle":587,"s1":524,"s2":0.4867251308456718,"failure":0}
{"cycle":588,"s1":685,"s2":0.47232436629145935,"failure":0}
{"cycle":589,"s1":501,"s2":0.7259926615060812,"failure":0}
{"cycle":590,"s1":599,"s2":0.9114768873642282,"failure":0}
{"cycle":591,"s1":584,"s2":1.1946665213848464,"failure":0}
{"cycle":592,"s1":628,"s2":0.8016488198789953,"failure":0}
{"cycle":593,"s1":528,"s2":1.2222514333771908,"failure":0}
{"cycle":594,"s1":688,"s2":1.3696583024152402,"failure":0}
{"cycle":595,"s1":742,"s2":0.584902251153589,"failure":0}
{"cycle":596,"s1":596,"s2":2.321282366596796,"failure":0}
{"cycle":597,"s1":727,"s2":0.7551101759025783,"failure":0}
{"cycle":598,"s1":663,"s2":1.082422327213183,"failure":0}
{"cycle":599,"s1":551,"s2":1.0026410031248971,"failure":0}
{"cycle":600,"s1":670,"s2":0.6161964121275754,"failure":0}
{"cycle":601,"s1":500,"s2":0.526773424597154,"failure":0}
{"cycle":602,"s1":569,"s2":1.4195485914650114,"failure":0}
{"cycle":603,"s1":538,"s2":0.5605893259964104,"failure":0}
{"cycle":604,"s1":691,"s2":0.3545802415135613,"failure":0}
{"cycle":605,"s1":536,"s2":1.5968646682265981,"failure":0}
{"cycle":606,"s1":740,"s2":1.4341457190681282,"failure":0}
{"cycle":607,"s1":626,"s2":1.6120413260908084,"failure":0}
{"cycle":608,"s1":640,"s2":2.304325429946114,"failure":0}
{"cycle":609,"s1":651,"s2":2.644750433484146,"failure":0}
{"cycle":610,"s1":680,"s2":1.1484974502213832,"failure":0}
{"cycle":611,"s1":639,"s2":1.3819885085954333,"failure":0}
{"cycle":612,"s1":641,"s2":1.8650011441678562,"failure":0}
{"cycle":613,"s1":730,"s2":0.7174916934509796,"failure":0}
{"cycle":614,"s1":716,"s2":0.7544130291097947,"failure":0}
