{"cycle":615,"s1":993,"s2":0.9625648549882211,"failure":1}
{"cycle":616,"s1":875,"s2":0.772247024078389,"failure":1}
{"cycle":617,"s1":784,"s2":1.2695323428753293,"failure":1}
{"cycle":618,"s1":917,"s2":1.2718862289061377,"failure":1}
{"cycle":619,"s1":979,"s2":0.7579369528623878,"failure":1}
{"cycle":620,"s1":687,"s2":0.9665507792707853,"failure":1}
{"cycle":621,"s1":689,"s2":1.577818164993182,"failure":1}
{"cycle":622,"s1":637,"s2":1.6212891268716874,"failure":1}
{"cycle":623,"s1":833,"s2":1.246974820552167,"failure":1}
{"cycle":624,"s1":663,"s2":0.876085749823823,"failure":1}
{"cycle":625,"s1":850,"s2":1.0640368255754602,"failure":1}
{"cycle":626,"s1":777,"s2":0.47575444185467025,"failure":1}
{"cycle":627,"s1":903,"s2":1.069568762650735,"failure":1}
{"cycle":628,"s1":906,"s2":0.8954828567138469,"failure":1}
{"cycle":629,"s1":700,"s2":0.5885745238509686,"failure":1}
{"cycle":630,"s1":638,"s2":1.0877786282072766,"failure":1}
{"cycle":631,"s1":640,"s2":0.773668636412405,"failure":1}
{"cycle":632,"s1":699,"s2":0.8482306076243539,"failure":1}
{"cycle":633,"s1":573,"s2":0.5379941881143987,"failure":1}
{"cycle":634,"s1":910,"s2":0.8324104367057744,"failure":1}
{"cycle":635,"s1":974,"s2":0.7790206277505705,"failure":1}
{"cycle":636,"s1":790,"s2":0.7801480393307185,"failure":1}
{"cycle":637,"s1":752,"s2":0.5610758703437789,"failure":1}
{"cycle":638,"s1":622,"s2":1.2124464715196666,"failure":1}
{"cycle":639,"s1":673,"s2":0.799818179317004,"failure":1}
{"cycle":640,"s1":680,"s2":0.47221462824246585,"failure":1}
{"cycle":641,"s1":899,"s2":0.8296351331820185,"failure":1}
{"cycle":642,"s1":913,"s2":1.06304805325849,"failure":1}
{"cycle":643,"s1":813,"s2":1.5311955356282783,"failure":1}
{"cycle":644,"s1":521,"s2":0.40960746426573724,"failure":1}
{"cycle":645,"s1":759,"s2":1.2378530796480403,"failure":1}
{"cycle":646,"s1":837,"s2":0.8140836720227831,"failure":1}
{"cycle":647,"s1":594,"s2":0.6718870597529409,"failure":1}
{"cycle":648,"s1":713,"s2":1.005390361814608,"failure":1}
{"cycle":649,"s1":993,"s2":1.0747893398144162,"failure":1}
{"cycle":650,"s1":878,"s2":1.8138429209123483,"failure":1}
{"cycle":651,"s1":713,"s2":1.2706433033455409,"failure":1}
{"cycle":652,"s1":933,"s2":1.3059361929944613,"failure":1}
{"cycle":653,"s1":588,"s2":1.1861602584030535,"failure":1}
{"cycle":654,"s1":998,"s2":0.862965293164104,"failure":1}
{"cycle":655,"s1":639,"s2":0.8351254489022791,"failure":1}
{"cycle":656,"s1":798,"s2":0.8797699392754046,"failure":1}
{"cycle":657,"s1":531,"s2":1.8930763687213947,"failure":1}
{"cycle":658,"s1":932,"s2":0.36377931629007826,"failure":1}
{"cycle":659,"s1":909,"s2":1.0629758702376972,"failure":1}
{"cycle":660,"s1":906,"s2":1.423723036054236,"failure":1}
{"cycle":661,"s1":974,"s2":1.212217131297584,"failure":1}
{"cycle":662,"s1":625,"s2":0.949740066515365,"failure":1}
{"cycle":663,"s1":703,"s2":0.3176885937502601,"failure":1}
{"cycle":664,"s1":502,"s2":1.2196082713045564,"failure":1}
{"cycle":665,"s1":600,"s2":0.4088885424001134,"failure":1}
{"cycle":666,"s1":881,"s2":0.4387897191731917,"failure":1}
{"cycle":667,"s1":831,"s2":0.5609027375457892,"failure":1}
{"cycle":668,"s1":758,"s2":0.8404180922758216,"failure":1}
