{"cycle":598,"s1":578,"s2":1.0092363053870212,"failure":1}
{"cycle":599,"s1":919,"s2":1.791460574136511,"failure":1}
{"cycle":600,"s1":783,"s2":0.6926582866045844,"failure":1}
{"cycle":601,"s1":589,"s2":1.506950043455199,"failure":1}
{"cycle":602,"s1":790,"s2":0.6061157135243106,"failure":1}
{"cycle":603,"s1":717,"s2":0.7133359954518648,"failure":1}
{"cycle":604,"s1":765,"s2":0.7094506082157035,"failure":1}
{"cycle":605,"s1":862,"s2":0.8186229976075505,"failure":1}
{"cycle":606,"s1":870,"s2":0.45862400574083717,"failure":1}
{"cycle":607,"s1":770,"s2":0.6237145497388462,"failure":1}
{"cycle":608,"s1":646,"s2":0.8664888406967594,"failure":1}
{"cycle":609,"s1":846,"s2":0.9178946999227803,"failure":1}
{"cycle":610,"s1":500,"s2":0.8561508186008459,"failure":1}
{"cycle":611,"s1":739,"s2":1.2603345249625302,"failure":1}
{"cycle":612,"s1":651,"s2":0.9452912753112672,"failure":1}
{"cycle":613,"s1":609,"s2":0.7270141006577227,"failure":1}
{"cycle":614,"s1":892,"s2":1.2382272954069442,"failure":1}
{"cycle":615,"s1":657,"s2":0.6326862210918096,"failure":1}
{"cycle":616,"s1":841,"s2":1.0358518212287249,"failure":1}
{"cycle":617,"s1":578,"s2":0.6548711311699618,"failure":1}
{"cycle":618,"s1":856,"s2":0.7769478172646993,"failure":1}
{"cycle":619,"s1":857,"s2":0.7553484572737973,"failure":1}
{"cycle":620,"s1":583,"s2":0.7650962027130739,"failure":1}
{"cycle":621,"s1":577,"s2":0.8684098716839497,"failure":1}
{"cycle":622,"s1":909,"s2":0.905337294793392,"failure":1}
{"cycle":623,"s1":511,"s2":1.4636696058759777,"failure":1}
{"cycle":624,"s1":657,"s2":0.7793915434812189,"failure":1}
{"cycle":625,"s1":737,"s2":0.6434914757928456,"failure":1}
{"cycle":626,"s1":911,"s2":0.6487760486853535,"failure":1}
{"cycle":627,"s1":965,"s2":0.8523980284588275,"failure":1}
{"cycle":628,"s1":677,"s2":1.674724662933458,"failure":1}
{"cycle":629,"s1":793,"s2":1.334771868645738,"failure":1}
{"cycle":630,"s1":685,"s2":2.1754563888397147,"failure":1}
{"cycle":631,"s1":533,"s2":1.347038873720027,"failure":1}
{"cycle":632,"s1":893,"s2":0.6713197077520793,"failure":1}
{"cycle":633,"s1":609,"s2":0.7378477462787876,"failure":1}
{"cycle":634,"s1":894,"s2":0.7585304505654806,"failure":1}
{"cycle":635,"s1":700,"s2":1.0816781120509762,"failure":1}
{"cycle":636,"s1":517,"s2":0.9235829745537977,"failure":1}
{"cycle":637,"s1":502,"s2":2.0148291655551995,"failure":1}
{"cycle":638,"s1":602,"s2":0.6048217933614322,"failure":1}
{"cycle":639,"s1":624,"s2":0.7807362733013611,"failure":1}
{"cycle":640,"s1":924,"s2":1.6116930241003284,"failure":1}
{"cycle":641,"s1":967,"s2":0.9085202523576379,"failure":1}
{"cycle":642,"s1":776,"s2":1.277416628611388,"failure":1}
{"cycle":643,"s1":735,"s2":1.2183805589478391,"failure":1}
{"cycle":644,"s1":970,"s2":0.9269469088532679,"failure":1}
{"cycle":645,"s1":647,"s2":1.5361390101283918,"failure":1}
{"cycle":646,"s1":692,"s2":0.6790452160369129,"failure":1}
{"cycle":647,"s1":864,"s2":0.7192597273775838,"failure":1}
{"cycle":648,"s1":739,"s2":1.447345019335833,"failure":1}
{"cycle":649,"s1":779,"s2":0.8625905989014798,"failure":1}
