{"cycle":497,"s1":672,"s2":1.0284886233928314,"failure":0}
{"cycle":498,"s1":527,"s2":1.1053740332250501,"failure":0}
{"cycle":499,"s1":511,"s2":0.6709261093023275,"failure":0}
{"cycle":500,"s1":695,"s2":1.2356170227403995,"failure":0}
{"cycle":501,"s1":603,"s2":1.1252609667021758,"failure":0}
{"cycle":502,"s1":594,"s2":0.9837194364531131,"failure":0}
{"cycle":503,"s1":556,"s2":1.4781604742857692,"failure":0}
{"cycle":504,"s1":743,"s2":0.8551053583413057,"failure":0}
{"cycle":505,"s1":598,"s2":0.8918207715969624,"failure":0}
{"cycle":506,"s1":579,"s2":0.5749495228187284,"failure":0}
{"cycle":507,"s1":651,"s2":0.7046589964181452,"failure":0}
{"cycle":508,"s1":554,"s2":0.9001248268297741,"failure":0}
{"cycle":509,"s1":588,"s2":0.8494425905374021,"failure":0}
{"cycle":510,"s1":719,"s2":0.5454797673044979,"failure":0}
{"cycle":511,"s1":575,"s2":1.1022484313844871,"failure":0}
{"cycle":512,"s1":677,"s2":0.46473386270627903,"failure":0}
{"cycle":513,"s1":631,"s2":1.4284440811504735,"failure":0}
{"cycle":514,"s1":712,"s2":0.6773196477180938,"failure":0}
{"cycle":515,"s1":735,"s2":2.106798732703513,"failure":0}
{"cycle":516,"s1":503,"s2":0.5828214196958041,"failure":0}
{"cycle":517,"s1":586,"s2":0.7100312252187326,"failure":0}
{"cycle":518,"s1":576,"s2":1.2776417283909167,"failure":0}
{"cycle":519,"s1":526,"s2":0.9961487742344423,"failure":0}
{"cycle":520,"s1":693,"s2":0.41177451109889623,"failure":0}
{"cycle":521,"s1":631,"s2":0.6519401894770441,"failure":0}
{"cycle":522,"s1":555,"s2":1.0171241981583425,"failure":0}
{"cycle":523,"s1":510,"s2":0.8660396968375043,"failure":0}
{"cycle":524,"s1":721,"s2":0.9973643524191758,"failure":0}
{"cycle":525,"s1":618,"s2":1.4468226999363354,"failure":0}
{"cycle":526,"s1":666,"s2":1.518941126070907,"failure":0}
{"cycle":527,"s1":675,"s2":0.8770781028619788,"failure":0}
{"cycle":528,"s1":578,"s2":0.7324851878837648,"failure":0}
{"cycle":529,"s1":608,"s2":0.6421637650730163,"failure":0}
{"cycle":530,"s1":574,"s2":1.157622054372901,"failure":0}
{"cycle":531,"s1":644,"s2":0.6310303420409601,"failure":0}
{"cycle":532,"s1":572,"s2":1.0778139051534992,"failure":0}
{"cycle":533,"s1":740,"s2":1.5385752141483215,"failure":0}
{"cycle":534,"s1":539,"s2":0.9642404835883086,"failure":0}
{"cycle":535,"s1":514,"s2":1.2002785284999518,"failure":0}
{"cycle":536,"s1":655,"s2":0.8357531743326476,"failure":0}
{"cycle":537,"s1":532,"s2":0.8891570752518378,"failure":0}
{"cycle":538,"s1":655,"s2":0.4478408302324398,"failure":0}
{"cycle":539,"s1":651,"s2":0.6577036731418633,"failure":0}
{"cycle":540,"s1":718,"s2":1.1171047210614613,"failure":0}
{"cycle":541,"s1":622,"s2":0.5091002807922039,"failure":0}
{"cycle":542,"s1":652,"s2":1.2382748122408667,"failure":0}
{"cycle":543,"s1":656,"s2":0.6932386169421471,"failure":0}
{"cycle":544,"s1":623,"s2":1.4410914495213145,"failure":0}
{"cycle":545,"s1":747,"s2":1.8038309120619545,"failure":0}
{"cycle":546,"s1":504,"s2":0.55847829237753,"failure":0}
{"cycle":547,"s1":748,"s2":0.31114151213896013,"failure":0}
{"cycle":548,"s1":503,"s2":1.1021952022505208,"failure":0}
{"cycle":549,"s1":727,"s2":1.4565719656312548,"failure":0}
{"cycle":550,"s1":502,"s2":1.3701506356498827,"failure":0}
{"cycle":551,"s1":628,"s2":0.9284429471650272,"failure":0}
{"cycle":552,"s1":690,"s2":0.9938239238264094,"failure":0}
{"cycle":553,"s1":552,"s2":1.148824258903025,"failure":0}
{"cycle":554,"s1":672,"s2":0.9847496350017204,"failure":0}
{"cycle":555,"s1":703,"s2":0.32191729004631436,"failure":0}
{"cycle":556,"s1":563,"s2":2.523131123551227,"failure":0}
{"cycle":557,"s1":649,"s2":1.2886191414051746,"failure":0}
{"cycle":558,"s1":703,"s2":1.2378091527414745,"failure":0}
{"cycle":559,"s1":547,"s2":0.8560435801937076,"failure":0}
{"cycle":560,"s1":593,"s2":1.7356652122553808,"failure":0}
{"cycle":561,"s1":577,"s2":0.8474425015013081,"failure":0}
{"cycle":562,"s1":604,"s2":0.48951801018146324,"failure":0}
{"cycle":563,"s1":738,"s2":0.7090523462738391,"failure":0}
{"cycle":564,"s1":536,"s2":0.7162292016332054,"failure":0}
{"cycle":565,"s1":570,"s2":1.1072152733243705,"failure":0}
{"cycle":566,"s1":621,"s2":0.5510300411060509,"failure":0}
{"cycle":567,"s1":724,"s2":0.874356470743181,"failure":0}
{"cycle":568,"s1":601,"s2":0.6664881201601247,"failure":0}
{"cycle":569,"s1":651,"s2":0.7158708571590189,"failure":0}
{"cycle":570,"s1":522,"s2":0.676407429599436,"failure":0}
{"cycle":571,"s1":655,"s2":1.360889518501451,"failure":0}
{"cycle":572,"s1":509,"s2":1.8979158487242493,"failure":0}
{"cycle":573,"s1":641,"s2":0.6472771632107788,"failure":0}
{"cycle":574,"s1":508,"s2":0.8834945768636839,"failure":0}
{"cycle":575,"s1":544,"s2":1.1173807795092465,"failure":0}
{"cycle":576,"s1":504,"s2":0.9750306172975611,"failure":0}
{"cycle":577,"s1":591,"s2":1.0645937520099176,"failure":0}
{"cycle":578,"s1":735,"s2":0.9791895439127476,"failure":0}
{"cycle":579,"s1":673,"s2":1.465458218292466,"failure":0}
{"cycle":580,"s1":542,"s2":0.9365358291476749,"failure":0}
{"cycle":581,"s1":699,"s2":1.2635401825315884,"failure":0}
{"cycle":582,"s1":525,"s2":0.741506682176308,"failure":0}
{"cycle":583,"s1":632,"s2":1.2338583160011989,"failure":0}
{"cycle":584,"s1":680,"s2":1.2691115667308543,"failure":0}
{"cycle":585,"s1":543,"s2":0.7073367826362379,"failure":0}
{"cycle":586,"s1":628,"s2":1.0438401975159959,"failure":0}
{"cycle":587,"s1":576,"s2":1.0471575510931246,"failure":0}
{"cycle":588,"s1":689,"s2":0.6051416140417725,"failure":0}
{"cycle":589,"s1":555,"s2":1.3180125532623312,"failure":0}
{"cycle":590,"s1":524,"s2":0.43737148262457415,"failure":0}
{"cycle":591,"s1":614,"s2":1.3173167189308965,"failure":0}
{"cycle":592,"s1":638,"s2":1.1476905626926681,"failure":0}
{"cycle":593,"s1":694,"s2":0.5542748015048637,"failure":0}
{"cycle":594,"s1":513,"s2":0.48843904517367054,"failure":0}
{"cycle":595,"s1":576,"s2":1.7690718150359916,"failure":0}
{"cycle":596,"s1":684,"s2":1.2335664137460933,"failure":0}
{"cycle":597,"s1":606,"s2":1.4518731889513128,"failure":0}
