{"cycle":454,"s1":734,"s2":0.8648830935303258,"failure":0}
{"cycle":455,"s1":624,"s2":1.5073461519137168,"failure":0}
{"cycle":456,"s1":740,"s2":0.8085619648351565,"failure":0}
{"cycle":457,"s1":686,"s2":0.6620387075954167,"failure":0}
{"cycle":458,"s1":610,"s2":1.4503893737461453,"failure":0}
{"cycle":459,"s1":741,"s2":0.32734214167533404,"failure":0}
{"cycle":460,"s1":643,"s2":0.9621191666733079,"failure":0}
{"cycle":461,"s1":536,"s2":1.0816029041539263,"failure":0}
{"cycle":462,"s1":632,"s2":0.5694416735191716,"failure":0}
{"cycle":463,"s1":673,"s2":1.1659672246806765,"failure":0}
{"cycle":464,"s1":603,"s2":1.6246981564524734,"failure":0}
{"cycle":465,"s1":721,"s2":1.5969311707187481,"failure":0}
{"cycle":466,"s1":537,"s2":0.985417304469778,"failure":0}
{"cycle":467,"s1":738,"s2":1.1457931958107792,"failure":0}
{"cycle":468,"s1":547,"s2":1.327047242296479,"failure":0}
{"cycle":469,"s1":719,"s2":0.8851613107058238,"failure":0}
{"cycle":470,"s1":541,"s2":1.1233175772294912,"failure":0}
{"cycle":471,"s1":600,"s2":2.116859316799632,"failure":0}
{"cycle":472,"s1":621,"s2":1.0040456737642975,"failure":0}
{"cycle":473,"s1":553,"s2":1.5715754509129807,"failure":0}
{"cycle":474,"s1":620,"s2":0.6643955835620848,"failure":0}
{"cycle":475,"s1":620,"s2":1.8685007172841988,"failure":0}
{"cycle":476,"s1":610,"s2":0.6849043574616744,"failure":0}
{"cycle":477,"s1":567,"s2":1.4952706438276508,"failure":0}
{"cycle":478,"s1":574,"s2":0.7260933752835175,"failure":0}
{"cycle":479,"s1":664,"s2":2.0321401196810323,"failure":0}
{"cycle":480,"s1":705,"s2":1.3212390411153436,"failure":0}
{"cycle":481,"s1":645,"s2":1.174336910804255,"failure":0}
{"cycle":482,"s1":720,"s2":1.350643337405361,"failure":0}
{"cycle":483,"s1":585,"s2":0.9255143304959962,"failure":0}
{"cycle":484,"s1":509,"s2":0.6432288309003273,"failure":0}
{"cycle":485,"s1":632,"s2":0.5804391874846014,"failure":0}
{"cycle":486,"s1":740,"s2":2.0546512012034173,"failure":0}
{"cycle":487,"s1":534,"s2":0.7253906915046922,"failure":0}
{"cycle":488,"s1":553,"s2":0.9995210419808684,"failure":0}
{"cycle":489,"s1":648,"s2":1.4249209110231427,"failure":0}
{"cycle":490,"s1":587,"s2":0.9335998177429963,"failure":0}
{"cycle":491,"s1":602,"s2":1.2377338513394829,"failure":0}
{"cycle":492,"s1":601,"s2":1.3946132505482882,"failure":0}
{"cycle":493,"s1":504,"s2":1.3079420597801183,"failure":0}
{"cycle":494,"s1":561,"s2":0.8421652164252749,"failure":0}
{"cycle":495,"s1":603,"s2":0.9817630415370389,"failure":0}
{"cycle":496,"s1":620,"s2":0.5432681573008745,"failure":0}
{"cycle":497,"s1":744,"s2":0.6876309856742873,"failure":0}
{"cycle":498,"s1":648,"s2":0.7040620947149666,"failure":0}
{"cycle":499,"s1":593,"s2":1.2348850799501516,"failure":0}
{"cycle":500,"s1":530,"s2":1.17836988534902,"failure":0}
{"cycle":501,"s1":543,"s2":0.4811631007055192,"failure":0}
{"cycle":502,"s1":603,"s2":1.1034964907899174,"failure":0}
{"cycle":503,"s1":677,"s2":0.3025933336753134,"failure":0}
{"cycle":504,"s1":562,"s2":0.9881567887589341,"failure":0}
{"cycle":505,"s1":670,"s2":1.0868540977638368,"failure":0}
{"cycle":506,"s1":683,"s2":1.4057903980037272,"failure":0}
{"cycle":507,"s1":633,"s2":1.3048324861999305,"failure":0}
{"cycle":508,"s1":589,"s2":0.6214057486422295,"failure":0}
{"cycle":509,"s1":544,"s2":0.8149449929539987,"failure":0}
{"cycle":510,"s1":604,"s2":1.020022606347605,"failure":0}
{"cycle":511,"s1":729,"s2":0.5226916954282521,"failure":0}
{"cycle":512,"s1":504,"s2":1.7338964229629803,"failure":0}
{"cycle":513,"s1":677,"s2":1.1624758782935176,"failure":0}
{"cycle":514,"s1":738,"s2":0.5294135450671136,"failure":0}
{"cycle":515,"s1":617,"s2":0.9266507519357049,"failure":0}
{"cycle":516,"s1":652,"s2":0.2540340594242638,"failure":0}
{"cycle":517,"s1":579,"s2":0.31859505089029827,"failure":0}
{"cycle":518,"s1":709,"s2":0.9576942636297199,"failure":0}
{"cycle":519,"s1":501,"s2":0.8088297720058868,"failure":0}
{"cycle":520,"s1":732,"s2":0.1919127297919533,"failure":0}
{"cycle":521,"s1":602,"s2":0.7287833853093642,"failure":0}
{"cycle":522,"s1":554,"s2":0.4398807403495114,"failure":0}
{"cycle":523,"s1":606,"s2":0.7735885437179747,"failure":0}
{"cycle":524,"s1":726,"s2":1.1352442347161695,"failure":0}
{"cycle":525,"s1":517,"s2":0.6729916329362581,"failure":0}
{"cycle":526,"s1":559,"s2":0.9693677328481087,"failure":0}
{"cycle":527,"s1":616,"s2":0.9571593525490991,"failure":0}
{"cycle":528,"s1":708,"s2":0.9293171747283336,"failure":0}
{"cycle":529,"s1":519,"s2":1.7113322792161498,"failure":0}
{"cycle":530,"s1":741,"s2":1.178802647405717,"failure":0}
{"cycle":531,"s1":659,"s2":1.0114379758591099,"failure":0}
{"cycle":532,"s1":590,"s2":0.3823835975714543,"failure":0}
{"cycle":533,"s1":671,"s2":1.3110941004410415,"failure":0}
{"cycle":534,"s1":705,"s2":0.3939101004494306,"failure":0}
{"cycle":535,"s1":587,"s2":1.3133978014685548,"failure":0}
{"cycle":536,"s1":684,"s2":0.6818394576439452,"failure":0}
{"cycle":537,"s1":743,"s2":1.328932215261196,"failure":0}
{"cycle":538,"s1":575,"s2":0.9244173461237505,"failure":0}
{"cycle":539,"s1":742,"s2":1.1239347321271165,"failure":0}
{"cycle":540,"s1":528,"s2":0.894487095153776,"failure":0}
{"cycle":541,"s1":626,"s2":0.8690168396051743,"failure":0}
{"cycle":542,"s1":508,"s2":0.36929316375256654,"failure":0}
{"cycle":543,"s1":651,"s2":1.9166794385317523,"failure":0}
{"cycle":544,"s1":584,"s2":0.958238878467459,"failure":0}
{"cycle":545,"s1":589,"s2":1.0237881334895245,"failure":0}
{"cycle":546,"s1":713,"s2":0.41807062528873573,"failure":0}
{"cycle":547,"s1":604,"s2":0.6313638659931227,"failure":0}
{"cycle":548,"s1":749,"s2":1.0314200512106833,"failure":0}
{"cycle":549,"s1":643,"s2":1.3052588832228305,"failure":0}
{"cycle":550,"s1":553,"s2":1.0589456853310526,"failure":0}
{"cycle":551,"s1":641,"s2":1.583780423765269,"failure":0}
{"cycle":552,"s1":688,"s2":0.7272922846173858,"failure":0}
{"cycle":553,"s1":544,"s2":1.58862167591692,"failure":0}
{"cycle":554,"s1":597,"s2":2.262498056677101,"failure":0}
{"cycle":555,"s1":725,"s2":1.6535288662075946,"failure":0}
{"cycle":556,"s1":526,"s2":1.0056524909423195,"failure":0}
{"cycle":557,"s1":657,"s2":0.5422989165606676,"failure":0}
{"cycle":558,"s1":704,"s2":1.2655083017194557,"failure":0}
{"cycle":559,"s1":677,"s2":0.4809027221003581,"failure":0}
{"cycle":560,"s1":601,"s2":0.8758519780572632,"failure":0}
{"cycle":561,"s1":513,"s2":0.7363119833492047,"failure":0}
