{"cycle":562,"s1":804,"s2":0.917251687554654,"failure":1}
{"cycle":563,"s1":636,"s2":1.515836801008769,"failure":1}
{"cycle":564,"s1":739,"s2":2.1779215901978928,"failure":1}
{"cycle":565,"s1":941,"s2":0.45467696369887645,"failure":1}
{"cycle":566,"s1":829,"s2":1.2138737749145634,"failure":1}
{"cycle":567,"s1":568,"s2":0.6461056894736903,"failure":1}
{"cycle":568,"s1":571,"s2":0.4779007619785219,"failure":1}
{"cycle":569,"s1":916,"s2":0.635662281876566,"failure":1}
{"cycle":570,"s1":641,"s2":0.5190896319610679,"failure":1}
{"cycle":571,"s1":925,"s2":0.5318048469200894,"failure":1}
{"cycle":572,"s1":721,"s2":1.2141173417569624,"failure":1}
{"cycle":573,"s1":994,"s2":0.3392337221089908,"failure":1}
{"cycle":574,"s1":641,"s2":0.8232514697138035,"failure":1}
{"cycle":575,"s1":791,"s2":1.9685892071976554,"failure":1}
{"cycle":576,"s1":743,"s2":1.5091729751278362,"failure":1}
{"cycle":577,"s1":790,"s2":1.5100291731843716,"failure":1}
{"cycle":578,"s1":759,"s2":0.6689663384753505,"failure":1}
{"cycle":579,"s1":560,"s2":0.16587482932900283,"failure":1}
{"cycle":580,"s1":785,"s2":0.6709572000279461,"failure":1}
{"cycle":581,"s1":915,"s2":1.4606347430767967,"failure":1}
{"cycle":582,"s1":903,"s2":1.0689843636505356,"failure":1}
{"cycle":583,"s1":868,"s2":1.4805547741931386,"failure":1}
{"cycle":584,"s1":630,"s2":0.2868873887873479,"failure":1}
{"cycle":585,"s1":870,"s2":0.6335191221962458,"failure":1}
{"cycle":586,"s1":943,"s2":0.21922592332181345,"failure":1}
{"cycle":587,"s1":598,"s2":0.5219747580350143,"failure":1}
{"cycle":588,"s1":987,"s2":0.614658725497894,"failure":1}
{"cycle":589,"s1":594,"s2":0.6815482869506909,"failure":1}
{"cycle":590,"s1":983,"s2":1.3097304092068645,"failure":1}
{"cycle":591,"s1":756,"s2":1.1326877969954343,"failure":1}
{"cycle":592,"s1":599,"s2":0.7486242850865348,"failure":1}
{"cycle":593,"s1":582,"s2":0.7629443556860881,"failure":1}
{"cycle":594,"s1":996,"s2":1.7091844723573602,"failure":1}
{"cycle":595,"s1":979,"s2":1.143800989548777,"failure":1}
{"cycle":596,"s1":776,"s2":1.475286919723634,"failure":1}
{"cycle":597,"s1":567,"s2":0.950966541335943,"failure":1}
{"cycle":598,"s1":910,"s2":1.2071938222841976,"failure":1}
{"cycle":599,"s1":912,"s2":1.7766909910934572,"failure":1}
{"cycle":600,"s1":931,"s2":1.2626023377968985,"failure":1}
{"cycle":601,"s1":667,"s2":1.1347398032212237,"failure":1}
{"cycle":602,"s1":636,"s2":1.0324803671179288,"failure":1}
{"cycle":603,"s1":535,"s2":1.1857881530668846,"failure":1}
{"cycle":604,"s1":922,"s2":1.2767745619678812,"failure":1}
{"cycle":605,"s1":771,"s2":0.7269675111960423,"failure":1}
{"cycle":606,"s1":999,"s2":1.151273755586121,"failure":1}
{"cycle":607,"s1":936,"s2":1.05416542171204,"failure":1}
{"cycle":608,"s1":780,"s2":1.0454524268235772,"failure":1}
{"cycle":609,"s1":817,"s2":0.5755987213990045,"failure":1}
{"cycle":610,"s1":996,"s2":0.9598740169832733,"failure":1}
{"cycle":611,"s1":586,"s2":1.198741753927507,"failure":1}
{"cycle":612,"s1":970,"s2":0.9208278988232573,"failure":1}
{"cycle":613,"s1":801,"s2":0.7123410648052684,"failure":1}
{"cycle":614,"s1":953,"s2":0.660470611666847,"failure":1}
{"cycle":615,"s1":587,"s2":0.6021598016825974,"failure":1}
{"cycle":616,"s1":568,"s2":0.5132257457353002,"failure":1}
{"cycle":617,"s1":741,"s2":0.475190563511264,"failure":1}
{"cycle":618,"s1":626,"s2":0.8816836391704335,"failure":1}
