{"cycle":626,"s1":920,"s2":0.7993310707829414,"failure":1}
{"cycle":627,"s1":572,"s2":0.963388171485758,"failure":1}
{"cycle":628,"s1":681,"s2":0.5777862321598782,"failure":1}
{"cycle":629,"s1":672,"s2":0.9815534230127483,"failure":1}
{"cycle":630,"s1":595,"s2":0.8098731503538961,"failure":1}
{"cycle":631,"s1":569,"s2":1.1139807832601818,"failure":1}
{"cycle":632,"s1":935,"s2":2.0134186126187954,"failure":1}
{"cycle":633,"s1":660,"s2":1.3927129187120775,"failure":1}
{"cycle":634,"s1":902,"s2":0.9104324710003375,"failure":1}
{"cycle":635,"s1":825,"s2":1.309659065887105,"failure":1}
{"cycle":636,"s1":720,"s2":0.8004082015261463,"failure":1}
{"cycle":637,"s1":874,"s2":0.8844537690842278,"failure":1}
{"cycle":638,"s1":766,"s2":1.2008551786920094,"failure":1}
{"cycle":639,"s1":640,"s2":1.267397548784502,"failure":1}
{"cycle":640,"s1":649,"s2":0.5094314616981513,"failure":1}
{"cycle":641,"s1":963,"s2":0.6935236162229196,"failure":1}
{"cycle":642,"s1":731,"s2":0.41109472299624494,"failure":1}
{"cycle":643,"s1":623,"s2":1.220524085062184,"failure":1}
{"cycle":644,"s1":987,"s2":0.6261983129502262,"failure":1}
{"cycle":645,"s1":640,"s2":0.39080788655351295,"failure":1}
{"cycle":646,"s1":854,"s2":0.6001617446387503,"failure":1}
{"cycle":647,"s1":911,"s2":1.1907096453888846,"failure":1}
{"cycle":648,"s1":761,"s2":1.4897401133640926,"failure":1}
{"cycle":649,"s1":771,"s2":1.1326908230888602,"failure":1}
{"cycle":650,"s1":758,"s2":1.047239402125049,"failure":1}
{"cycle":651,"s1":962,"s2":1.2982752743233317,"failure":1}
{"cycle":652,"s1":771,"s2":1.6544270221394703,"failure":1}
{"cycle":653,"s1":963,"s2":0.6139322219754005,"failure":1}
{"cycle":654,"s1":836,"s2":0.49496930797758437,"failure":1}
{"cycle":655,"s1":829,"s2":1.8136338964635148,"failure":1}
{"cycle":656,"s1":808,"s2":1.0698919448238338,"failure":1}
{"cycle":657,"s1":578,"s2":0.6080843725671888,"failure":1}
{"cycle":658,"s1":543,"s2":1.3313732709033603,"failure":1}
{"cycle":659,"s1":919,"s2":1.2670519311022748,"failure":1}
{"cycle":660,"s1":551,"s2":1.2191078653736347,"failure":1}
{"cycle":661,"s1":509,"s2":0.3209825716297302,"failure":1}
{"cycle":662,"s1":719,"s2":0.3064102289025927,"failure":1}
{"cycle":663,"s1":601,"s2":1.0904602379282224,"failure":1}
{"cycle":664,"s1":636,"s2":1.0069430300793267,"failure":1}
{"cycle":665,"s1":968,"s2":0.7223126566148655,"failure":1}
{"cycle":666,"s1":940,"s2":1.3841400216044488,"failure":1}
{"cycle":667,"s1":662,"s2":1.3043325838584794,"failure":1}
{"cycle":668,"s1":716,"s2":1.5270748441043656,"failure":1}
{"cycle":669,"s1":955,"s2":0.30274068315771613,"failure":1}
{"cycle":670,"s1":506,"s2":1.5620776384963038,"failure":1}
{"cycle":671,"s1":886,"s2":1.2929557379522008,"failure":1}
{"cycle":672,"s1":939,"s2":0.42388586588451316,"failure":1}
{"cycle":673,"s1":837,"s2":1.060285987358336,"failure":1}
{"cycle":674,"s1":586,"s2":1.2744438243973701,"failure":1}
{"cycle":675,"s1":742,"s2":1.2454342628904564,"failure":1}
{"cycle":676,"s1":748,"s2":1.8996336208620654,"failure":1}
{"cycle":677,"s1":709,"s2":0.7196745839163861,"failure":1}
{"cycle":678,"s1":577,"s2":0.988815410526754,"failure":1}
{"cycle":679,"s1":627,"s2":1.191098767670754,"failure":1}
