{"cycle":523,"s1":531,"s2":0.9401393493915778,"failure":0}
{"cycle":524,"s1":547,"s2":0.8836326316955029,"failure":0}
{"cycle":525,"s1":690,"s2":0.4868052100426447,"failure":0}
{"cycle":526,"s1":661,"s2":1.933018767145247,"failure":0}
{"cycle":527,"s1":730,"s2":1.6550211361603746,"failure":0}
{"cycle":528,"s1":593,"s2":1.5931925015457173,"failure":0}
{"cycle":529,"s1":645,"s2":1.2345230032372634,"failure":0}
{"cycle":530,"s1":703,"s2":1.0895860512594913,"failure":0}
{"cycle":531,"s1":659,"s2":1.2358898263365528,"failure":0}
{"cycle":532,"s1":726,"s2":1.0306981795955747,"failure":0}
{"cycle":533,"s1":546,"s2":1.1316061155494412,"failure":0}
{"cycle":534,"s1":503,"s2":1.3065023027916207,"failure":0}
{"cycle":535,"s1":600,"s2":1.344704101152648,"failure":0}
{"cycle":536,"s1":716,"s2":0.8663152653717262,"failure":0}
{"cycle":537,"s1":535,"s2":0.3694716926230101,"failure":0}
{"cycle":538,"s1":665,"s2":1.0093732038071541,"failure":0}
{"cycle":539,"s1":711,"s2":0.8811019951756569,"failure":0}
{"cycle":540,"s1":744,"s2":1.0884424100125076,"failure":0}
{"cycle":541,"s1":590,"s2":0.6154688442332461,"failure":0}
{"cycle":542,"s1":612,"s2":0.7752881120525041,"failure":0}
{"cycle":543,"s1":654,"s2":0.7029743842141946,"failure":0}
{"cycle":544,"s1":548,"s2":1.713980756011803,"failure":0}
{"cycle":545,"s1":537,"s2":2.27919377070459,"failure":0}
{"cycle":546,"s1":743,"s2":0.5379126469558908,"failure":0}
{"cycle":547,"s1":688,"s2":1.0444244236926534,"failure":0}
{"cycle":548,"s1":532,"s2":0.5217362309604281,"failure":0}
{"cycle":549,"s1":537,"s2":0.2098625841403074,"failure":0}
{"cycle":550,"s1":640,"s2":0.9145612691533043,"failure":0}
{"cycle":551,"s1":502,"s2":0.7530257718869999,"failure":0}
{"cycle":552,"s1":595,"s2":0.5359317197717111,"failure":0}
{"cycle":553,"s1":507,"s2":1.3588096059280164,"failure":0}
{"cycle":554,"s1":620,"s2":0.7656780892125423,"failure":0}
{"cycle":555,"s1":562,"s2":1.2340252808825107,"failure":0}
{"cycle":556,"s1":674,"s2":2.6895922736308973,"failure":0}
{"cycle":557,"s1":657,"s2":0.8938754778881981,"failure":0}
{"cycle":558,"s1":573,"s2":1.7060071626155089,"failure":0}
{"cycle":559,"s1":657,"s2":0.5235755669588066,"failure":0}
{"cycle":560,"s1":650,"s2":2.3441462503102652,"failure":0}
{"cycle":561,"s1":583,"s2":0.5068419291062197,"failure":0}
{"cycle":562,"s1":638,"s2":1.1759400322547797,"failure":0}
{"cycle":563,"s1":509,"s2":1.0615071744635063,"failure":0}
{"cycle":564,"s1":528,"s2":0.872612356181094,"failure":0}
{"cycle":565,"s1":564,"s2":0.6423132392641231,"failure":0}
{"cycle":566,"s1":534,"s2":1.1646426248813297,"failure":0}
{"cycle":567,"s1":613,"s2":1.1730079016295971,"failure":0}
{"cycle":568,"s1":601,"s2":1.2760515212678525,"failure":0}
{"cycle":569,"s1":744,"s2":3.137248659623055,"failure":0}
{"cycle":570,"s1":564,"s2":0.3168327456679595,"failure":0}
{"cycle":571,"s1":531,"s2":1.0354597634903668,"failure":0}
{"cycle":572,"s1":515,"s2":1.014881078191218,"failure":0}
{"cycle":573,"s1":668,"s2":0.8769500113446673,"failure":0}
{"cycle":574,"s1":584,"s2":1.3258437873946092,"failure":0}
{"cycle":575,"s1":554,"s2":1.061711277436633,"failure":0}
{"cycle":576,"s1":569,"s2":0.9614983387180983,"failure":0}
{"cycle":577,"s1":583,"s2":1.346158678643344,"failure":0}
{"cycle":578,"s1":552,"s2":0.7127761571245949,"failure":0}
{"cycle":579,"s1":667,"s2":1.2158073992630096,"failure":0}
{"cycle":580,"s1":635,"s2":1.6407763703313656,"failure":0}
{"cycle":581,"s1":548,"s2":1.1930532713118502,"failure":0}
{"cycle":582,"s1":682,"s2":1.4083645878908038,"failure":0}
{"cycle":583,"s1":711,"s2":1.8275053730617004,"failure":0}
{"cycle":584,"s1":555,"s2":1.182222459960221,"failure":0}
{"cycle":585,"s1":706,"s2":1.0610809707448687,"failure":0}
{"cycle":586,"s1":739,"s2":0.7066619522667945,"failure":0}
{"cycle":587,"s1":606,"s2":1.0699026749493927,"failure":0}
{"cycle":588,"s1":546,"s2":1.3533140183606223,"failure":0}
{"cycle":589,"s1":650,"s2":0.6091400482517579,"failure":0}
{"cycle":590,"s1":596,"s2":1.2053754278193105,"failure":0}
{"cycle":591,"s1":598,"s2":0.4767342313882609,"failure":0}
{"cycle":592,"s1":531,"s2":1.2863122739883406,"failure":0}
{"cycle":593,"s1":669,"s2":0.27826674182181615,"failure":0}
{"cycle":594,"s1":559,"s2":1.2095362633274136,"failure":0}
{"cycle":595,"s1":584,"s2":0.5041699915419875,"failure":0}
{"cycle":596,"s1":657,"s2":0.4800397247550182,"failure":0}
{"cycle":597,"s1":746,"s2":0.5087341136722172,"failure":0}
{"cycle":598,"s1":632,"s2":0.9495734185382141,"failure":0}
{"cycle":599,"s1":583,"s2":1.4981547711443999,"failure":0}
{"cycle":600,"s1":524,"s2":1.4701626295631414,"failure":0}
{"cycle":601,"s1":723,"s2":0.6352894124496836,"failure":0}
{"cycle":602,"s1":608,"s2":0.6864623922950029,"failure":0}
{"cycle":603,"s1":642,"s2":0.9979173458681355,"failure":0}
{"cycle":604,"s1":678,"s2":0.8355814547256403,"failure":0}
{"cycle":605,"s1":557,"s2":1.0687995657854499,"failure":0}
{"cycle":606,"s1":683,"s2":0.48028582245172613,"failure":0}
{"cycle":607,"s1":503,"s2":0.5920879462131952,"failure":0}
{"cycle":608,"s1":549,"s2":0.8612428880117136,"failure":0}
{"cycle":609,"s1":566,"s2":0.4988380078655702,"failure":0}
{"cycle":610,"s1":527,"s2":1.247354601643111,"failure":0}
{"cycle":611,"s1":517,"s2":0.6800304018149304,"failure":0}
{"cycle":612,"s1":596,"s2":1.2356835795961345,"failure":0}
{"cycle":613,"s1":643,"s2":1.4115408706069694,"failure":0}
{"cycle":614,"s1":522,"s2":1.830703609735631,"failure":0}
{"cycle":615,"s1":746,"s2":1.7058092483774794,"failure":0}
{"cycle":616,"s1":725,"s2":0.44744707573124787,"failure":0}
{"cycle":617,"s1":692,"s2":0.45797446411255116,"failure":0}
{"cycle":618,"s1":538,"s2":0.6137267790969166,"failure":0}
{"cycle":619,"s1":525,"s2":1.3912557194612922,"failure":0}
{"cycle":620,"s1":717,"s2":1.0864100629276014,"failure":0}
{"cycle":621,"s1":697,"s2":1.4245486164922097,"failure":0}
{"cycle":622,"s1":603,"s2":0.15894700693551636,"failure":0}
{"cycle":623,"s1":676,"s2":1.912652049782435,"failure":0}
{"cycle":624,"s1":666,"s2":0.8269022011689527,"failure":0}
{"cycle":625,"s1":547,"s2":0.2138017770969518,"failure":0}
