{"cycle":511,"s1":607,"s2":0.5776007374947483,"failure":0}
{"cycle":512,"s1":678,"s2":0.9830817121436966,"failure":0}
{"cycle":513,"s1":538,"s2":2.30786874217462,"failure":0}
{"cycle":514,"s1":591,"s2":0.8204704840109038,"failure":0}
{"cycle":515,"s1":588,"s2":1.6357027986076915,"failure":0}
{"cycle":516,"s1":660,"s2":0.8265620709959235,"failure":0}
{"cycle":517,"s1":509,"s2":1.0417330138321683,"failure":0}
{"cycle":518,"s1":587,"s2":0.6218557513707902,"failure":0}
{"cycle":519,"s1":601,"s2":0.7378198254697204,"failure":0}
{"cycle":520,"s1":602,"s2":0.6039317317319141,"failure":0}
{"cycle":521,"s1":704,"s2":0.4626808343451221,"failure":0}
{"cycle":522,"s1":675,"s2":0.977210867832046,"failure":0}
{"cycle":523,"s1":662,"s2":0.45271685292439523,"failure":0}
{"cycle":524,"s1":605,"s2":0.7137381834603256,"failure":0}
{"cycle":525,"s1":606,"s2":0.6639474509440759,"failure":0}
{"cycle":526,"s1":746,"s2":0.9478127210814439,"failure":0}
{"cycle":527,"s1":526,"s2":0.3703476595632425,"failure":0}
{"cycle":528,"s1":666,"s2":1.049593687332278,"failure":0}
{"cycle":529,"s1":545,"s2":0.8623922494743048,"failure":0}
{"cycle":530,"s1":616,"s2":0.4890277497645655,"failure":0}
{"cycle":531,"s1":727,"s2":0.8683316585562624,"failure":0}
{"cycle":532,"s1":692,"s2":0.8652614274840573,"failure":0}
{"cycle":533,"s1":628,"s2":0.8678161562194916,"failure":0}
{"cycle":534,"s1":502,"s2":1.6243929338200531,"failure":0}
{"cycle":535,"s1":671,"s2":0.431162072835307,"failure":0}
{"cycle":536,"s1":701,"s2":0.7058188408460981,"failure":0}
{"cycle":537,"s1":637,"s2":0.45842720268660087,"failure":0}
{"cycle":538,"s1":731,"s2":0.8093806029290198,"failure":0}
{"cycle":539,"s1":742,"s2":0.6940691816700473,"failure":0}
{"cycle":540,"s1":515,"s2":0.9882639879859948,"failure":0}
{"cycle":541,"s1":579,"s2":1.200484057414698,"failure":0}
{"cycle":542,"s1":713,"s2":1.111030815317571,"failure":0}
{"cycle":543,"s1":562,"s2":1.294011557906444,"failure":0}
{"cycle":544,"s1":630,"s2":0.47233427902457426,"failure":0}
{"cycle":545,"s1":553,"s2":0.8652505804720605,"failure":0}
{"cycle":546,"s1":728,"s2":1.379623918241211,"failure":0}
{"cycle":547,"s1":621,"s2":0.865471715382264,"failure":0}
{"cycle":548,"s1":564,"s2":0.8680228845061964,"failure":0}
{"cycle":549,"s1":661,"s2":1.3367088220129415,"failure":0}
{"cycle":550,"s1":627,"s2":0.36175324366711914,"failure":0}
{"cycle":551,"s1":550,"s2":0.9098059670564949,"failure":0}
{"cycle":552,"s1":671,"s2":0.41071267946895534,"failure":0}
{"cycle":553,"s1":546,"s2":1.1409587248242004,"failure":0}
{"cycle":554,"s1":639,"s2":0.8472584065756651,"failure":0}
{"cycle":555,"s1":704,"s2":1.394349785543524,"failure":0}
{"cycle":556,"s1":632,"s2":0.510381497517568,"failure":0}
{"cycle":557,"s1":581,"s2":0.8226234168820061,"failure":0}
{"cycle":558,"s1":666,"s2":1.8918984424283867,"failure":0}
{"cycle":559,"s1":563,"s2":1.1968220823032243,"failure":0}
{"cycle":560,"s1":614,"s2":1.428709375503519,"failure":0}
{"cycle":561,"s1":697,"s2":0.897192464087951,"failure":0}
{"cycle":562,"s1":505,"s2":1.7946562565423705,"failure":0}
{"cycle":563,"s1":616,"s2":1.6320078004459266,"failure":0}
{"cycle":564,"s1":702,"s2":0.9516204519893888,"failure":0}
{"cycle":565,"s1":570,"s2":0.9881857635081792,"failure":0}
{"cycle":566,"s1":731,"s2":1.5064225386946248,"failure":0}
{"cycle":567,"s1":658,"s2":0.46818258542365304,"failure":0}
{"cycle":568,"s1":674,"s2":0.6741943248743826,"failure":0}
{"cycle":569,"s1":566,"s2":1.285712948681865,"failure":0}
{"cycle":570,"s1":712,"s2":0.42681278592127575,"failure":0}
{"cycle":571,"s1":644,"s2":1.3431913205083554,"failure":0}
{"cycle":572,"s1":672,"s2":1.1330962919670686,"failure":0}
{"cycle":573,"s1":656,"s2":0.7431565711790759,"failure":0}
{"cycle":574,"s1":741,"s2":0.8432919473140901,"failure":0}
{"cycle":575,"s1":708,"s2":1.0948866260480217,"failure":0}
{"cycle":576,"s1":531,"s2":0.8499441284657585,"failure":0}
{"cycle":577,"s1":740,"s2":0.7337152113365666,"failure":0}
{"cycle":578,"s1":678,"s2":0.8458657065053468,"failure":0}
{"cycle":579,"s1":580,"s2":0.7581123081465335,"failure":0}
{"cycle":580,"s1":748,"s2":0.49846114968131044,"failure":0}
{"cycle":581,"s1":705,"s2":1.4526889950925885,"failure":0}
{"cycle":582,"s1":511,"s2":0.6473644608622928,"failure":0}
{"cycle":583,"s1":608,"s2":0.4261522882380352,"failure":0}
{"cycle":584,"s1":680,"s2":0.8323650346534517,"failure":0}
{"cycle":585,"s1":730,"s2":0.9502821788483541,"failure":0}
{"cycle":586,"s1":681,"s2":0.5083281178267154,"failure":0}
{"cycle":587,"s1":704,"s2":0.49517765987985457,"failure":0}
{"cycle":588,"s1":703,"s2":0.8090494105543808,"failure":0}
{"cycle":589,"s1":582,"s2":0.733931864798919,"failure":0}
{"cycle":590,"s1":521,"s2":1.4322481100867357,"failure":0}
{"cycle":591,"s1":536,"s2":0.6449455508472559,"failure":0}
{"cycle":592,"s1":534,"s2":1.6921835716345097,"failure":0}
{"cycle":593,"s1":648,"s2":0.8817263127373337,"failure":0}
{"cycle":594,"s1":749,"s2":0.6323521867251253,"failure":0}
{"cycle":595,"s1":704,"s2":0.9892768280136206,"failure":0}
{"cycle":596,"s1":561,"s2":1.9629444866385093,"failure":0}
{"cycle":597,"s1":560,"s2":1.0441915284619414,"failure":0}
{"cycle":598,"s1":679,"s2":0.5451277598759164,"failure":0}
{"cycle":599,"s1":678,"s2":1.0910916268382032,"failure":0}
{"cycle":600,"s1":529,"s2":0.5442732890229515,"failure":0}
{"cycle":601,"s1":583,"s2":0.8981260844651542,"failure":0}
{"cycle":602,"s1":667,"s2":1.2656017909643462,"failure":0}
{"cycle":603,"s1":519,"s2":1.0598667045438943,"failure":0}
{"cycle":604,"s1":663,"s2":0.8278849389235274,"failure":0}
{"cycle":605,"s1":559,"s2":1.150886872423242,"failure":0}
{"cycle":606,"s1":572,"s2":0.6927286138355649,"failure":0}
{"cycle":607,"s1":518,"s2":0.2630662024694151,"failure":0}
{"cycle":608,"s1":576,"s2":1.1164595417600314,"failure":0}
{"cycle":609,"s1":611,"s2":0.8729966842657151,"failure":0}
{"cycle":610,"s1":626,"s2":0.2130987864367825,"failure":0}
{"cycle":611,"s1":529,"s2":1.2746823176020556,"failure":0}
{"cycle":612,"s1":565,"s2":0.9049577527958558,"failure":0}
{"cycle":613,"s1":561,"s2":1.2487194708094242,"failure":0}
{"cycle":614,"s1":660,"s2":0.9246325642971689,"failure":0}
