{"cycle":615,"s1":579,"s2":1.1742283529597508,"failure":1}
{"cycle":616,"s1":936,"s2":0.9020890551240182,"failure":1}
{"cycle":617,"s1":513,"s2":0.6560722858383135,"failure":1}
{"cycle":618,"s1":567,"s2":0.4479435837940592,"failure":1}
{"cycle":619,"s1":983,"s2":0.7823323015212587,"failure":1}
{"cycle":620,"s1":823,"s2":1.1053038324382138,"failure":1}
{"cycle":621,"s1":708,"s2":1.5059518685474682,"failure":1}
{"cycle":622,"s1":914,"s2":1.4008497527467887,"failure":1}
{"cycle":623,"s1":957,"s2":0.6586210249005563,"failure":1}
{"cycle":624,"s1":542,"s2":0.9522778823256957,"failure":1}
{"cycle":625,"s1":890,"s2":0.8060044823138759,"failure":1}
{"cycle":626,"s1":534,"s2":0.6261539504134848,"failure":1}
{"cycle":627,"s1":740,"s2":0.4702525537694083,"failure":1}
{"cycle":628,"s1":689,"s2":0.8451932760851513,"failure":1}
{"cycle":629,"s1":685,"s2":0.5758899137235607,"failure":1}
{"cycle":630,"s1":998,"s2":0.4568801932078112,"failure":1}
{"cycle":631,"s1":533,"s2":1.0332124510642964,"failure":1}
{"cycle":632,"s1":811,"s2":0.8566827897160122,"failure":1}
{"cycle":633,"s1":937,"s2":1.3473601380177915,"failure":1}
{"cycle":634,"s1":619,"s2":0.8676689946586628,"failure":1}
{"cycle":635,"s1":833,"s2":0.9261097745952911,"failure":1}
{"cycle":636,"s1":593,"s2":0.8440943095455996,"failure":1}
{"cycle":637,"s1":709,"s2":0.8350534246588213,"failure":1}
{"cycle":638,"s1":913,"s2":0.1501335225942514,"failure":1}
{"cycle":639,"s1":715,"s2":0.974073704152221,"failure":1}
{"cycle":640,"s1":948,"s2":0.9971724820807992,"failure":1}
{"cycle":641,"s1":722,"s2":1.196842599756867,"failure":1}
{"cycle":642,"s1":676,"s2":1.5255005155755221,"failure":1}
{"cycle":643,"s1":532,"s2":1.2147887307626397,"failure":1}
{"cycle":644,"s1":613,"s2":2.535298338543389,"failure":1}
{"cycle":645,"s1":606,"s2":2.0244752410174627,"failure":1}
{"cycle":646,"s1":710,"s2":0.6896312220920933,"failure":1}
{"cycle":647,"s1":940,"s2":0.9413952477916501,"failure":1}
{"cycle":648,"s1":535,"s2":1.649979252421503,"failure":1}
{"cycle":649,"s1":953,"s2":0.9694066618821215,"failure":1}
{"cycle":650,"s1":716,"s2":0.6048317728732476,"failure":1}
{"cycle":651,"s1":683,"s2":0.5342071960318518,"failure":1}
{"cycle":652,"s1":840,"s2":0.7676501171093404,"failure":1}
{"cycle":653,"s1":528,"s2":0.5054251309380877,"failure":1}
{"cycle":654,"s1":869,"s2":1.3934820542305346,"failure":1}
{"cycle":655,"s1":833,"s2":0.7735826902991677,"failure":1}
{"cycle":656,"s1":997,"s2":1.3551967168981898,"failure":1}
{"cycle":657,"s1":711,"s2":1.2031521369552156,"failure":1}
{"cycle":658,"s1":829,"s2":1.0588404252668613,"failure":1}
{"cycle":659,"s1":692,"s2":1.421661169124754,"failure":1}
{"cycle":660,"s1":702,"s2":0.8316799470068881,"failure":1}
{"cycle":661,"s1":844,"s2":0.44970167828198465,"failure":1}
{"cycle":662,"s1":966,"s2":1.0671270046023904,"failure":1}
{"cycle":663,"s1":981,"s2":1.192821903568143,"failure":1}
{"cycle":664,"s1":820,"s2":0.7949923542662601,"failure":1}
{"cycle":665,"s1":968,"s2":0.7846446166069663,"failure":1}
{"cycle":666,"s1":730,"s2":0.8809224260485703,"failure":1}
{"cycle":667,"s1":964,"s2":0.3372508552694721,"failure":1}
