{"cycle":507,"s1":507,"s2":1.3036464763135611,"failure":0}
{"cycle":508,"s1":711,"s2":0.8294655192728267,"failure":0}
{"cycle":509,"s1":724,"s2":0.14468039796466273,"failure":0}
{"cycle":510,"s1":626,"s2":1.3299629540421303,"failure":0}
{"cycle":511,"s1":549,"s2":0.8949960087097107,"failure":0}
{"cycle":512,"s1":682,"s2":1.3171302052565896,"failure":0}
{"cycle":513,"s1":748,"s2":0.5101207266571016,"failure":0}
{"cycle":514,"s1":539,"s2":1.092744950764771,"failure":0}
{"cycle":515,"s1":616,"s2":1.0733349343876175,"failure":0}
{"cycle":516,"s1":575,"s2":1.3492352638806901,"failure":0}
{"cycle":517,"s1":642,"s2":1.1145521873403996,"failure":0}
{"cycle":518,"s1":646,"s2":1.4290403491311654,"failure":0}
{"cycle":519,"s1":527,"s2":0.8503597839320642,"failure":0}
{"cycle":520,"s1":635,"s2":0.7984222463432586,"failure":0}
{"cycle":521,"s1":668,"s2":0.8016513964976648,"failure":0}
{"cycle":522,"s1":579,"s2":0.6688307512466586,"failure":0}
{"cycle":523,"s1":510,"s2":0.7273629111741704,"failure":0}
{"cycle":524,"s1":749,"s2":0.8583752483484994,"failure":0}
{"cycle":525,"s1":550,"s2":0.47417067727856466,"failure":0}
{"cycle":526,"s1":639,"s2":0.7843301606952863,"failure":0}
{"cycle":527,"s1":713,"s2":0.3547383071650802,"failure":0}
{"cycle":528,"s1":695,"s2":1.8769045706632805,"failure":0}
{"cycle":529,"s1":655,"s2":0.7383414890796395,"failure":0}
{"cycle":530,"s1":635,"s2":0.8098745396959636,"failure":0}
{"cycle":531,"s1":512,"s2":0.866257832386007,"failure":0}
{"cycle":532,"s1":518,"s2":0.5063083809924481,"failure":0}
{"cycle":533,"s1":624,"s2":1.1375849464286847,"failure":0}
{"cycle":534,"s1":536,"s2":0.9779280436620811,"failure":0}
{"cycle":535,"s1":682,"s2":0.8062363345424876,"failure":0}
{"cycle":536,"s1":568,"s2":0.8982544905320224,"failure":0}
{"cycle":537,"s1":562,"s2":1.3012509219908295,"failure":0}
{"cycle":538,"s1":570,"s2":0.31203922819078145,"failure":0}
{"cycle":539,"s1":657,"s2":1.5347823759010217,"failure":0}
{"cycle":540,"s1":663,"s2":0.4685618800799628,"failure":0}
{"cycle":541,"s1":504,"s2":1.916770233147859,"failure":0}
{"cycle":542,"s1":725,"s2":0.38012422788521877,"failure":0}
{"cycle":543,"s1":604,"s2":1.4388461287166396,"failure":0}
{"cycle":544,"s1":603,"s2":1.0884894690541702,"failure":0}
{"cycle":545,"s1":675,"s2":0.48832811793247,"failure":0}
{"cycle":546,"s1":554,"s2":1.3244105804721378,"failure":0}
{"cycle":547,"s1":540,"s2":0.5672944767647016,"failure":0}
{"cycle":548,"s1":555,"s2":1.0982241914300916,"failure":0}
{"cycle":549,"s1":550,"s2":0.7406911395037612,"failure":0}
{"cycle":550,"s1":679,"s2":0.6004459304276507,"failure":0}
{"cycle":551,"s1":529,"s2":1.450459073173819,"failure":0}
{"cycle":552,"s1":557,"s2":0.25903569651321223,"failure":0}
{"cycle":553,"s1":638,"s2":1.20459304757739,"failure":0}
{"cycle":554,"s1":574,"s2":1.6596052148140032,"failure":0}
{"cycle":555,"s1":539,"s2":0.812132712032056,"failure":0}
{"cycle":556,"s1":676,"s2":0.7781067149699592,"failure":0}
{"cycle":557,"s1":590,"s2":1.4043801376903449,"failure":0}
{"cycle":558,"s1":579,"s2":0.668732045450808,"failure":0}
{"cycle":559,"s1":666,"s2":1.301277102887847,"failure":0}
{"cycle":560,"s1":692,"s2":1.202833212926136,"failure":0}
{"cycle":561,"s1":539,"s2":1.0951059792924753,"failure":0}
{"cycle":562,"s1":508,"s2":0.9963076165987431,"failure":0}
{"cycle":563,"s1":745,"s2":0.6410600384881286,"failure":0}
{"cycle":564,"s1":673,"s2":0.6879211003063117,"failure":0}
{"cycle":565,"s1":651,"s2":0.3555059216648465,"failure":0}
{"cycle":566,"s1":548,"s2":1.565089268194606,"failure":0}
{"cycle":567,"s1":559,"s2":0.3001349434018512,"failure":0}
{"cycle":568,"s1":644,"s2":0.8948446097502174,"failure":0}
{"cycle":569,"s1":616,"s2":1.6458732596102437,"failure":0}
{"cycle":570,"s1":506,"s2":1.3084340492384927,"failure":0}
{"cycle":571,"s1":508,"s2":0.7713254446848697,"failure":0}
{"cycle":572,"s1":550,"s2":1.5878615666027736,"failure":0}
{"cycle":573,"s1":514,"s2":1.2052078015378682,"failure":0}
{"cycle":574,"s1":689,"s2":1.0823083482191052,"failure":0}
{"cycle":575,"s1":603,"s2":1.5075828362666488,"failure":0}
{"cycle":576,"s1":638,"s2":0.5887820091556729,"failure":0}
{"cycle":577,"s1":710,"s2":1.1542665202423126,"failure":0}
{"cycle":578,"s1":693,"s2":0.9121927269521851,"failure":0}
{"cycle":579,"s1":735,"s2":3.0643495925188806,"failure":0}
{"cycle":580,"s1":702,"s2":0.617340662465952,"failure":0}
{"cycle":581,"s1":555,"s2":0.8399774452881303,"failure":0}
{"cycle":582,"s1":523,"s2":1.678401620829397,"failure":0}
{"cycle":583,"s1":572,"s2":2.1622517667386245,"failure":0}
{"cycle":584,"s1":584,"s2":0.8662781483638657,"failure":0}
{"cycle":585,"s1":644,"s2":0.37652043155046877,"failure":0}
{"cycle":586,"s1":659,"s2":0.7931850364613239,"failure":0}
{"cycle":587,"s1":510,"s2":1.4710367824176207,"failure":0}
{"cycle":588,"s1":574,"s2":0.7419819752905116,"failure":0}
{"cycle":589,"s1":574,"s2":0.8692605670206749,"failure":0}
{"cycle":590,"s1":549,"s2":1.7832675898973793,"failure":0}
{"cycle":591,"s1":538,"s2":0.39457277251913714,"failure":0}
{"cycle":592,"s1":522,"s2":1.0458247290779694,"failure":0}
{"cycle":593,"s1":666,"s2":0.324587072798055,"failure":0}
{"cycle":594,"s1":615,"s2":0.6900666382608549,"failure":0}
{"cycle":595,"s1":728,"s2":0.5476897880356588,"failure":0}
{"cycle":596,"s1":614,"s2":0.9338943491135714,"failure":0}
{"cycle":597,"s1":664,"s2":0.9472298573579531,"failure":0}
{"cycle":598,"s1":549,"s2":1.5457529306483229,"failure":0}
{"cycle":599,"s1":690,"s2":0.8897024815832172,"failure":0}
{"cycle":600,"s1":605,"s2":1.4219559316448445,"failure":0}
{"cycle":601,"s1":607,"s2":1.0049086390628494,"failure":0}
{"cycle":602,"s1":637,"s2":1.311184202310962,"failure":0}
{"cycle":603,"s1":719,"s2":0.5739987889722824,"failure":0}
{"cycle":604,"s1":725,"s2":0.8502183055171895,"failure":0}
{"cycle":605,"s1":697,"s2":1.1989569098270116,"failure":0}
{"cycle":606,"s1":728,"s2":1.2995223696727052,"failure":0}
{"cycle":607,"s1":627,"s2":1.4073836694929183,"failure":0}
{"cycle":608,"s1":667,"s2":1.1128459220073252,"failure":0}
{"cycle":609,"s1":632,"s2":0.38530759543120985,"failure":0}
{"cycle":610,"s1":558,"s2":0.5874958629356178,"failure":0}
{"cycle":611,"s1":647,"s2":0.7549765599485728,"failure":0}
{"cycle":612,"s1":691,"s2":2.0810452996241127,"failure":0}
