{"cycle":613,"s1":787,"s2":1.3269518706336334,"failure":1}
{"cycle":614,"s1":752,"s2":1.7865089749340146,"failure":1}
{"cycle":615,"s1":761,"s2":0.7360667919872856,"failure":1}
{"cycle":616,"s1":832,"s2":0.6582680816576476,"failure":1}
{"cycle":617,"s1":555,"s2":1.1787051420986185,"failure":1}
{"cycle":618,"s1":629,"s2":0.35837519704483767,"failure":1}
{"cycle":619,"s1":766,"s2":0.8955733763283854,"failure":1}
{"cycle":620,"s1":594,"s2":0.8155585505009464,"failure":1}
{"cycle":621,"s1":994,"s2":1.0505182485854956,"failure":1}
{"cycle":622,"s1":812,"s2":0.3367529352607855,"failure":1}
{"cycle":623,"s1":917,"s2":0.9069041450722606,"failure":1}
{"cycle":624,"s1":990,"s2":0.7646922965326374,"failure":1}
{"cycle":625,"s1":915,"s2":1.1519511904937345,"failure":1}
{"cycle":626,"s1":516,"s2":1.156001772137721,"failure":1}
{"cycle":627,"s1":541,"s2":1.1842810821359722,"failure":1}
{"cycle":628,"s1":890,"s2":1.0567025246009192,"failure":1}
{"cycle":629,"s1":976,"s2":0.5322835209919321,"failure":1}
{"cycle":630,"s1":663,"s2":1.2580318178320193,"failure":1}
{"cycle":631,"s1":793,"s2":1.1529829014183677,"failure":1}
{"cycle":632,"s1":580,"s2":0.702739734094241,"failure":1}
{"cycle":633,"s1":995,"s2":0.9117411886456305,"failure":1}
{"cycle":634,"s1":651,"s2":0.7137804473075475,"failure":1}
{"cycle":635,"s1":692,"s2":1.0727308287374253,"failure":1}
{"cycle":636,"s1":524,"s2":0.8783079144018145,"failure":1}
{"cycle":637,"s1":649,"s2":0.6051772970077526,"failure":1}
{"cycle":638,"s1":618,"s2":0.8402772163953396,"failure":1}
{"cycle":639,"s1":972,"s2":0.8879702559182082,"failure":1}
{"cycle":640,"s1":952,"s2":0.9648855777741137,"failure":1}
{"cycle":641,"s1":568,"s2":0.8336373626354652,"failure":1}
{"cycle":642,"s1":920,"s2":0.6908682260933597,"failure":1}
{"cycle":643,"s1":847,"s2":0.4160384775763507,"failure":1}
{"cycle":644,"s1":657,"s2":0.9604858985229863,"failure":1}
{"cycle":645,"s1":909,"s2":0.3552262977983161,"failure":1}
{"cycle":646,"s1":946,"s2":1.044024804891564,"failure":1}
{"cycle":647,"s1":903,"s2":0.8750075196411062,"failure":1}
{"cycle":648,"s1":593,"s2":0.9339895763063156,"failure":1}
{"cycle":649,"s1":537,"s2":1.1997965576667373,"failure":1}
{"cycle":650,"s1":848,"s2":1.0915731071760917,"failure":1}
{"cycle":651,"s1":952,"s2":0.965146529578291,"failure":1}
{"cycle":652,"s1":576,"s2":0.8028948790376319,"failure":1}
{"cycle":653,"s1":849,"s2":0.6918216970512152,"failure":1}
{"cycle":654,"s1":619,"s2":1.0655692224415922,"failure":1}
{"cycle":655,"s1":720,"s2":0.7127452071557733,"failure":1}
{"cycle":656,"s1":874,"s2":0.5088018305120776,"failure":1}
{"cycle":657,"s1":710,"s2":0.6883521832036995,"failure":1}
{"cycle":658,"s1":568,"s2":1.097433567136424,"failure":1}
{"cycle":659,"s1":986,"s2":1.3530945660069316,"failure":1}
{"cycle":660,"s1":670,"s2":1.3119579227059581,"failure":1}
{"cycle":661,"s1":940,"s2":0.5833354876102306,"failure":1}
{"cycle":662,"s1":602,"s2":0.6487612503793283,"failure":1}
{"cycle":663,"s1":750,"s2":0.7257910055892807,"failure":1}
