{"cycle":558,"s1":958,"s2":1.333875888026987,"failure":1}
{"cycle":559,"s1":754,"s2":0.8731402651730542,"failure":1}
{"cycle":560,"s1":949,"s2":1.4576292611015185,"failure":1}
{"cycle":561,"s1":971,"s2":1.224617801194951,"failure":1}
{"cycle":562,"s1":794,"s2":0.8369171230677065,"failure":1}
{"cycle":563,"s1":835,"s2":0.5640856265803181,"failure":1}
{"cycle":564,"s1":885,"s2":1.0513736595383718,"failure":1}
{"cycle":565,"s1":929,"s2":2.0278927797740605,"failure":1}
{"cycle":566,"s1":851,"s2":0.9364049659826185,"failure":1}
{"cycle":567,"s1":867,"s2":1.6409081335516167,"failure":1}
{"cycle":568,"s1":523,"s2":0.6443138327313915,"failure":1}
{"cycle":569,"s1":740,"s2":1.4534744788512464,"failure":1}
{"cycle":570,"s1":623,"s2":0.9885943233399773,"failure":1}
{"cycle":571,"s1":934,"s2":0.7571730482874975,"failure":1}
{"cycle":572,"s1":867,"s2":1.3575939081561719,"failure":1}
{"cycle":573,"s1":736,"s2":0.8874537112237186,"failure":1}
{"cycle":574,"s1":674,"s2":1.0838180372732569,"failure":1}
{"cycle":575,"s1":677,"s2":0.6196315730937163,"failure":1}
{"cycle":576,"s1":555,"s2":1.5400560425304939,"failure":1}
{"cycle":577,"s1":903,"s2":1.298386351636957,"failure":1}
{"cycle":578,"s1":772,"s2":0.654254641813327,"failure":1}
{"cycle":579,"s1":794,"s2":0.7461593128866102,"failure":1}
{"cycle":580,"s1":697,"s2":1.311792841902165,"failure":1}
{"cycle":581,"s1":928,"s2":2.037727095883047,"failure":1}
{"cycle":582,"s1":673,"s2":1.4058866385772542,"failure":1}
{"cycle":583,"s1":539,"s2":0.2817417756772772,"failure":1}
{"cycle":584,"s1":613,"s2":0.8114664712241586,"failure":1}
{"cycle":585,"s1":826,"s2":0.38909458149995174,"failure":1}
{"cycle":586,"s1":777,"s2":0.6204886954462084,"failure":1}
{"cycle":587,"s1":731,"s2":0.3917087454708018,"failure":1}
{"cycle":588,"s1":651,"s2":1.2989124250324493,"failure":1}
{"cycle":589,"s1":752,"s2":0.6037616883041979,"failure":1}
{"cycle":590,"s1":728,"s2":0.6605312778184208,"failure":1}
{"cycle":591,"s1":545,"s2":0.7302942533931925,"failure":1}
{"cycle":592,"s1":887,"s2":0.5857489763526164,"failure":1}
{"cycle":593,"s1":800,"s2":1.622425859946611,"failure":1}
{"cycle":594,"s1":786,"s2":1.6972176618223667,"failure":1}
{"cycle":595,"s1":939,"s2":0.5130193045036208,"failure":1}
{"cycle":596,"s1":533,"s2":0.7194483683228021,"failure":1}
{"cycle":597,"s1":655,"s2":0.6426849776735769,"failure":1}
{"cycle":598,"s1":854,"s2":1.027221257270718,"failure":1}
{"cycle":599,"s1":830,"s2":0.5087628685424807,"failure":1}
{"cycle":600,"s1":563,"s2":0.5526858446388327,"failure":1}
{"cycle":601,"s1":945,"s2":0.7293877802916806,"failure":1}
{"cycle":602,"s1":785,"s2":0.6534857764847615,"failure":1}
{"cycle":603,"s1":963,"s2":1.2932832166076083,"failure":1}
{"cycle":604,"s1":918,"s2":1.156932711873935,"failure":1}
{"cycle":605,"s1":663,"s2":0.4030803580197664,"failure":1}
{"cycle":606,"s1":827,"s2":0.8264546731663469,"failure":1}
{"cycle":607,"s1":953,"s2":0.6041749187495704,"failure":1}
{"cycle":608,"s1":512,"s2":0.8114807194621869,"failure":1}
{"cycle":609,"s1":504,"s2":1.004301440844531,"failure":1}
{"cycle":610,"s1":626,"s2":0.4689406673865282,"failure":1}
{"cycle":611,"s1":634,"s2":0.8719248866746927,"failure":1}
{"cycle":612,"s1":958,"s2":0.46394827345232503,"failure":1}
{"cycle":613,"s1":794,"s2":0.6499340416844328,"failure":1}
{"cycle":614,"s1":785,"s2":0.5850810001052096,"failure":1}
{"cycle":615,"s1":705,"s2":1.2670242616233875,"failure":1}
