{"cycle":458,"s1":556,"s2":0.5328037218620019,"failure":0}
{"cycle":459,"s1":641,"s2":1.5207890220514884,"failure":0}
{"cycle":460,"s1":611,"s2":0.7160230714295227,"failure":0}
{"cycle":461,"s1":662,"s2":1.1309750680742556,"failure":0}
{"cycle":462,"s1":672,"s2":0.9861284382129044,"failure":0}
{"cycle":463,"s1":670,"s2":1.163240128663721,"failure":0}
{"cycle":464,"s1":633,"s2":0.8930211990760515,"failure":0}
{"cycle":465,"s1":568,"s2":1.0362886004870129,"failure":0}
{"cycle":466,"s1":719,"s2":1.3792791227774213,"failure":0}
{"cycle":467,"s1":613,"s2":0.7319028606968684,"failure":0}
{"cycle":468,"s1":709,"s2":0.7521744343281135,"failure":0}
{"cycle":469,"s1":557,"s2":1.3302725634506563,"failure":0}
{"cycle":470,"s1":583,"s2":1.4651068344962108,"failure":0}
{"cycle":471,"s1":635,"s2":1.5499761603654967,"failure":0}
{"cycle":472,"s1":698,"s2":0.6920115958367057,"failure":0}
{"cycle":473,"s1":567,"s2":0.4264748641100148,"failure":0}
{"cycle":474,"s1":508,"s2":0.7081778090937877,"failure":0}
{"cycle":475,"s1":539,"s2":1.08066703038982,"failure":0}
{"cycle":476,"s1":676,"s2":1.3516794134026486,"failure":0}
{"cycle":477,"s1":604,"s2":1.1872997079502412,"failure":0}
{"cycle":478,"s1":716,"s2":0.8321927033988287,"failure":0}
{"cycle":479,"s1":659,"s2":0.5372663994503399,"failure":0}
{"cycle":480,"s1":609,"s2":1.5767081587718923,"failure":0}
{"cycle":481,"s1":521,"s2":1.9934471528128501,"failure":0}
{"cycle":482,"s1":667,"s2":0.9655223172616857,"failure":0}
{"cycle":483,"s1":523,"s2":0.9624523662832749,"failure":0}
{"cycle":484,"s1":729,"s2":0.9113305883791665,"failure":0}
{"cycle":485,"s1":739,"s2":1.2161962841409972,"failure":0}
{"cycle":486,"s1":643,"s2":0.9531970107172963,"failure":0}
{"cycle":487,"s1":602,"s2":1.0550799138991374,"failure":0}
{"cycle":488,"s1":715,"s2":0.5007366543412727,"failure":0}
{"cycle":489,"s1":622,"s2":0.5287017809603036,"failure":0}
{"cycle":490,"s1":626,"s2":0.9694182268414455,"failure":0}
{"cycle":491,"s1":633,"s2":0.5047490553415324,"failure":0}
{"cycle":492,"s1":744,"s2":0.7730970433386073,"failure":0}
{"cycle":493,"s1":697,"s2":0.8224651450711704,"failure":0}
{"cycle":494,"s1":606,"s2":1.408515265331909,"failure":0}
{"cycle":495,"s1":665,"s2":0.7736512860040509,"failure":0}
{"cycle":496,"s1":613,"s2":1.161601110261427,"failure":0}
{"cycle":497,"s1":651,"s2":0.5731101512755895,"failure":0}
{"cycle":498,"s1":730,"s2":0.6240332617942684,"failure":0}
{"cycle":499,"s1":681,"s2":0.5387539753385752,"failure":0}
{"cycle":500,"s1":560,"s2":0.9723906500861345,"failure":0}
{"cycle":501,"s1":593,"s2":1.2921908229120247,"failure":0}
{"cycle":502,"s1":724,"s2":0.47930776540581943,"failure":0}
{"cycle":503,"s1":617,"s2":1.2916905690439884,"failure":0}
{"cycle":504,"s1":610,"s2":0.836919451425682,"failure":0}
{"cycle":505,"s1":607,"s2":1.0974906014330825,"failure":0}
{"cycle":506,"s1":584,"s2":1.4101636879561856,"failure":0}
{"cycle":507,"s1":548,"s2":1.0345178482103417,"failure":0}
{"cycle":508,"s1":644,"s2":0.7709862911807981,"failure":0}
{"cycle":509,"s1":567,"s2":1.1625781497301801,"failure":0}
{"cycle":510,"s1":595,"s2":0.585151114872194,"failure":0}
{"cycle":511,"s1":654,"s2":0.7119514672480187,"failure":0}
{"cycle":512,"s1":627,"s2":1.15636188662726,"failure":0}
{"cycle":513,"s1":702,"s2":0.5982074990103179,"failure":0}
{"cycle":514,"s1":745,"s2":0.7642914889376948,"failure":0}
{"cycle":515,"s1":575,"s2":0.6784511995486062,"failure":0}
{"cycle":516,"s1":533,"s2":1.1894082803662764,"failure":0}
{"cycle":517,"s1":597,"s2":0.6229493157827173,"failure":0}
{"cycle":518,"s1":669,"s2":1.254258653126769,"failure":0}
{"cycle":519,"s1":557,"s2":0.6713370462106442,"failure":0}
{"cycle":520,"s1":545,"s2":1.4333673134753955,"failure":0}
{"cycle":521,"s1":666,"s2":1.926266159565064,"failure":0}
{"cycle":522,"s1":689,"s2":0.40446684881823547,"failure":0}
{"cycle":523,"s1":635,"s2":0.36624554490601324,"failure":0}
{"cycle":524,"s1":718,"s2":0.8311420500151743,"failure":0}
{"cycle":525,"s1":644,"s2":0.5347097044987905,"failure":0}
{"cycle":526,"s1":653,"s2":1.569487432416408,"failure":0}
{"cycle":527,"s1":557,"s2":0.8958683935281716,"failure":0}
{"cycle":528,"s1":704,"s2":1.5683494249285508,"failure":0}
{"cycle":529,"s1":510,"s2":0.6110030306412703,"failure":0}
{"cycle":530,"s1":612,"s2":1.1817816119817712,"failure":0}
{"cycle":531,"s1":712,"s2":0.6008570051736126,"failure":0}
{"cycle":532,"s1":633,"s2":1.0822654277359356,"failure":0}
{"cycle":533,"s1":694,"s2":0.8111346283624034,"failure":0}
{"cycle":534,"s1":669,"s2":0.9172999667025795,"failure":0}
{"cycle":535,"s1":533,"s2":1.2018665361496814,"failure":0}
{"cycle":536,"s1":661,"s2":0.5767735662836779,"failure":0}
{"cycle":537,"s1":705,"s2":1.2086894540835615,"failure":0}
{"cycle":538,"s1":547,"s2":1.1570650914660239,"failure":0}
{"cycle":539,"s1":596,"s2":0.8587993517264485,"failure":0}
{"cycle":540,"s1":555,"s2":1.3187491215657225,"failure":0}
{"cycle":541,"s1":558,"s2":0.9101901399811944,"failure":0}
{"cycle":542,"s1":632,"s2":0.8297112047253512,"failure":0}
{"cycle":543,"s1":741,"s2":0.486239494080085,"failure":0}
{"cycle":544,"s1":653,"s2":0.7906162573393292,"failure":0}
{"cycle":545,"s1":580,"s2":1.4545558251713768,"failure":0}
{"cycle":546,"s1":668,"s2":1.2554528560691636,"failure":0}
{"cycle":547,"s1":636,"s2":0.6926303231406272,"failure":0}
{"cycle":548,"s1":628,"s2":2.4086435794927072,"failure":0}
{"cycle":549,"s1":617,"s2":0.881283616777553,"failure":0}
{"cycle":550,"s1":598,"s2":0.5296994967485691,"failure":0}
{"cycle":551,"s1":639,"s2":0.8251233451344605,"failure":0}
{"cycle":552,"s1":567,"s2":0.8396160295774658,"failure":0}
{"cycle":553,"s1":567,"s2":1.1345484635871468,"failure":0}
{"cycle":554,"s1":648,"s2":0.9941110018310608,"failure":0}
{"cycle":555,"s1":691,"s2":1.635782275806693,"failure":0}
{"cycle":556,"s1":700,"s2":0.5987944099426039,"failure":0}
{"cycle":557,"s1":590,"s2":0.9176888383283547,"failure":0}
