{"cycle":468,"s1":715,"s2":1.6093549096273965,"failure":0}
{"cycle":469,"s1":564,"s2":0.4661548624612217,"failure":0}
{"cycle":470,"s1":574,"s2":0.45555169979640076,"failure":0}
{"cycle":471,"s1":663,"s2":1.1488298477879018,"failure":0}
{"cycle":472,"s1":552,"s2":1.2714241157202621,"failure":0}
{"cycle":473,"s1":674,"s2":0.8211321924771555,"failure":0}
{"cycle":474,"s1":688,"s2":0.3422119389300081,"failure":0}
{"cycle":475,"s1":583,"s2":0.9305145205397899,"failure":0}
{"cycle":476,"s1":721,"s2":0.4417591732010286,"failure":0}
{"cycle":477,"s1":718,"s2":1.3909849989098038,"failure":0}
{"cycle":478,"s1":551,"s2":1.0727594578453894,"failure":0}
{"cycle":479,"s1":696,"s2":1.3445069979700102,"failure":0}
{"cycle":480,"s1":512,"s2":1.531544595859377,"failure":0}
{"cycle":481,"s1":696,"s2":1.546525796978479,"failure":0}
{"cycle":482,"s1":661,"s2":1.1259292170306132,"failure":0}
{"cycle":483,"s1":718,"s2":0.8008157401066992,"failure":0}
{"cycle":484,"s1":656,"s2":0.4643118043287049,"failure":0}
{"cycle":485,"s1":554,"s2":1.3594433629846858,"failure":0}
{"cycle":486,"s1":525,"s2":1.080187463396006,"failure":0}
{"cycle":487,"s1":584,"s2":1.708832739444107,"failure":0}
{"cycle":488,"s1":615,"s2":0.800112825321061,"failure":0}
{"cycle":489,"s1":515,"s2":1.3615683632392743,"failure":0}
{"cycle":490,"s1":667,"s2":1.1278045620423403,"failure":0}
{"cycle":491,"s1":710,"s2":0.8809748250647186,"failure":0}
{"cycle":492,"s1":619,"s2":0.9128704358118218,"failure":0}
{"cycle":493,"s1":550,"s2":0.9445546645754529,"failure":0}
{"cycle":494,"s1":545,"s2":0.8583804918212514,"failure":0}
{"cycle":495,"s1":560,"s2":1.101322640042038,"failure":0}
{"cycle":496,"s1":612,"s2":0.6931541630123232,"failure":0}
{"cycle":497,"s1":591,"s2":1.2193903923903542,"failure":0}
{"cycle":498,"s1":625,"s2":0.6362394420171692,"failure":0}
{"cycle":499,"s1":523,"s2":0.5112556733405953,"failure":0}
{"cycle":500,"s1":514,"s2":0.525924674709945,"failure":0}
{"cycle":501,"s1":591,"s2":0.9914481326898688,"failure":0}
{"cycle":502,"s1":673,"s2":1.0860536421210112,"failure":0}
{"cycle":503,"s1":523,"s2":0.7718887364949498,"failure":0}
{"cycle":504,"s1":748,"s2":1.9790757015214768,"failure":0}
{"cycle":505,"s1":610,"s2":0.3464998198865468,"failure":0}
{"cycle":506,"s1":694,"s2":1.3199782737999335,"failure":0}
{"cycle":507,"s1":624,"s2":0.8145523402847882,"failure":0}
{"cycle":508,"s1":645,"s2":0.8140170989350018,"failure":0}
{"cycle":509,"s1":645,"s2":0.9790779568887802,"failure":0}
{"cycle":510,"s1":537,"s2":0.3272606030487652,"failure":0}
{"cycle":511,"s1":679,"s2":0.8147646119982823,"failure":0}
{"cycle":512,"s1":684,"s2":0.33071337830005654,"failure":0}
{"cycle":513,"s1":506,"s2":0.5984418959423404,"failure":0}
{"cycle":514,"s1":713,"s2":1.7144243675930426,"failure":0}
{"cycle":515,"s1":534,"s2":0.8545702555211715,"failure":0}
{"cycle":516,"s1":518,"s2":1.0943646116792654,"failure":0}
{"cycle":517,"s1":504,"s2":0.7787639915085018,"failure":0}
{"cycle":518,"s1":590,"s2":0.7706400243677988,"failure":0}
{"cycle":519,"s1":660,"s2":0.6519705635634157,"failure":0}
{"cycle":520,"s1":609,"s2":0.6723146356519043,"failure":0}
{"cycle":521,"s1":639,"s2":0.5668902324576972,"failure":0}
{"cycle":522,"s1":648,"s2":1.3049843818920104,"failure":0}
{"cycle":523,"s1":620,"s2":0.6566073836287665,"failure":0}
{"cycle":524,"s1":681,"s2":1.2335548258617035,"failure":0}
{"cycle":525,"s1":547,"s2":0.40263874018522533,"failure":0}
{"cycle":526,"s1":539,"s2":0.7067102949611399,"failure":0}
{"cycle":527,"s1":683,"s2":1.32302351863021,"failure":0}
{"cycle":528,"s1":634,"s2":1.4196640628157224,"failure":0}
{"cycle":529,"s1":567,"s2":1.4706779851510192,"failure":0}
{"cycle":530,"s1":657,"s2":0.8332880927557609,"failure":0}
{"cycle":531,"s1":548,"s2":0.8788835535479798,"failure":0}
{"cycle":532,"s1":592,"s2":0.8279949430141101,"failure":0}
{"cycle":533,"s1":538,"s2":0.9789858464330379,"failure":0}
{"cycle":534,"s1":512,"s2":0.5830304957272736,"failure":0}
{"cycle":535,"s1":573,"s2":1.4103209567119115,"failure":0}
{"cycle":536,"s1":610,"s2":0.5385517373430562,"failure":0}
{"cycle":537,"s1":709,"s2":1.4202231580813858,"failure":0}
{"cycle":538,"s1":727,"s2":1.8909050397025773,"failure":0}
{"cycle":539,"s1":508,"s2":1.3727767661466852,"failure":0}
{"cycle":540,"s1":668,"s2":0.5481331845687009,"failure":0}
{"cycle":541,"s1":570,"s2":0.7871885190297615,"failure":0}
{"cycle":542,"s1":658,"s2":0.82212010261267,"failure":0}
{"cycle":543,"s1":521,"s2":1.3727375421712666,"failure":0}
{"cycle":544,"s1":663,"s2":0.4691523859028831,"failure":0}
{"cycle":545,"s1":546,"s2":1.2485860865309952,"failure":0}
{"cycle":546,"s1":588,"s2":1.344748878073422,"failure":0}
{"cycle":547,"s1":560,"s2":0.9970773148669801,"failure":0}
{"cycle":548,"s1":700,"s2":0.1984088226539561,"failure":0}
{"cycle":549,"s1":638,"s2":1.0186164501033501,"failure":0}
{"cycle":550,"s1":650,"s2":0.8194612177436384,"failure":0}
{"cycle":551,"s1":651,"s2":0.8508907678265663,"failure":0}
{"cycle":552,"s1":726,"s2":0.7471055963563038,"failure":0}
{"cycle":553,"s1":527,"s2":1.33745575136687,"failure":0}
{"cycle":554,"s1":555,"s2":1.099286756413686,"failure":0}
{"cycle":555,"s1":724,"s2":0.653087082344937,"failure":0}
{"cycle":556,"s1":504,"s2":0.9263429256634979,"failure":0}
{"cycle":557,"s1":637,"s2":0.58356071864477,"failure":0}
{"cycle":558,"s1":726,"s2":1.489431283068294,"failure":0}
{"cycle":559,"s1":502,"s2":1.253566843524887,"failure":0}
{"cycle":560,"s1":560,"s2":0.7473648558679385,"failure":0}
{"cycle":561,"s1":545,"s2":0.6743991735865617,"failure":0}
{"cycle":562,"s1":666,"s2":1.0862532428377134,"failure":0}
{"cycle":563,"s1":701,"s2":0.9326611387203243,"failure":0}
{"cycle":564,"s1":543,"s2":0.9362263756495454,"failure":0}
{"cycle":565,"s1":539,"s2":0.9330277751667,"failure":0}
{"cycle":566,"s1":625,"s2":1.054625726483933,"failure":0}
{"cycle":567,"s1":547,"s2":1.0806829235770388,"failure":0}
{"cycle":568,"s1":670,"s2":0.3567093333541873,"failure":0}
{"cycle":569,"s1":549,"s2":0.5564685828049645,"failure":0}
{"cycle":570,"s1":706,"s2":1.403176171487148,"failure":0}
