{"cycle":571,"s1":505,"s2":0.8762188156167495,"failure":1}
{"cycle":572,"s1":910,"s2":0.6668584293088735,"failure":1}
{"cycle":573,"s1":692,"s2":1.098935061851193,"failure":1}
{"cycle":574,"s1":826,"s2":1.1860050326054787,"failure":1}
{"cycle":575,"s1":903,"s2":0.5032691644751536,"failure":1}
{"cycle":576,"s1":991,"s2":0.7908818941924705,"failure":1}
{"cycle":577,"s1":942,"s2":1.1450763461534939,"failure":1}
{"cycle":578,"s1":578,"s2":0.8612450020863239,"failure":1}
{"cycle":579,"s1":608,"s2":0.8327899481650409,"failure":1}
{"cycle":580,"s1":804,"s2":0.9405241245156398,"failure":1}
{"cycle":581,"s1":733,"s2":0.7723424022017328,"failure":1}
{"cycle":582,"s1":823,"s2":0.6910332608225689,"failure":1}
{"cycle":583,"s1":921,"s2":1.2745471779507938,"failure":1}
{"cycle":584,"s1":937,"s2":0.59080058463326,"failure":1}
{"cycle":585,"s1":566,"s2":0.8565450586499181,"failure":1}
{"cycle":586,"s1":860,"s2":0.6806829030333559,"failure":1}
{"cycle":587,"s1":713,"s2":0.7072657636074473,"failure":1}
{"cycle":588,"s1":857,"s2":0.8609873828512068,"failure":1}
{"cycle":589,"s1":954,"s2":1.1216720411178098,"failure":1}
{"cycle":590,"s1":910,"s2":0.6796371891924126,"failure":1}
{"cycle":591,"s1":569,"s2":0.5904737632785997,"failure":1}
{"cycle":592,"s1":568,"s2":1.381333078325707,"failure":1}
{"cycle":593,"s1":963,"s2":0.6707661437611512,"failure":1}
{"cycle":594,"s1":531,"s2":1.2142184615569964,"failure":1}
{"cycle":595,"s1":741,"s2":1.3845190790190873,"failure":1}
{"cycle":596,"s1":703,"s2":0.5745169280756562,"failure":1}
{"cycle":597,"s1":855,"s2":1.1386398954408619,"failure":1}
{"cycle":598,"s1":560,"s2":1.0105624100871518,"failure":1}
{"cycle":599,"s1":689,"s2":1.3027359420995868,"failure":1}
{"cycle":600,"s1":738,"s2":0.9154879347023901,"failure":1}
{"cycle":601,"s1":792,"s2":0.20199663379767108,"failure":1}
{"cycle":602,"s1":700,"s2":0.8965807619697204,"failure":1}
{"cycle":603,"s1":759,"s2":0.5764726003817945,"failure":1}
{"cycle":604,"s1":907,"s2":0.42419153003861726,"failure":1}
{"cycle":605,"s1":624,"s2":0.7154251323996174,"failure":1}
{"cycle":606,"s1":731,"s2":1.3840070890694314,"failure":1}
{"cycle":607,"s1":514,"s2":1.6508891139881015,"failure":1}
{"cycle":608,"s1":829,"s2":0.4936657257968061,"failure":1}
{"cycle":609,"s1":963,"s2":0.6776429275070425,"failure":1}
{"cycle":610,"s1":609,"s2":1.9239870283674514,"failure":1}
{"cycle":611,"s1":836,"s2":0.45418932830339787,"failure":1}
{"cycle":612,"s1":829,"s2":1.2210541012146225,"failure":1}
{"cycle":613,"s1":521,"s2":1.2506834514510783,"failure":1}
{"cycle":614,"s1":629,"s2":2.1027232538234353,"failure":1}
{"cycle":615,"s1":537,"s2":0.6992242846433737,"failure":1}
{"cycle":616,"s1":996,"s2":1.4165725834832936,"failure":1}
{"cycle":617,"s1":555,"s2":1.1146086800415307,"failure":1}
{"cycle":618,"s1":600,"s2":0.5018751587497402,"failure":1}
{"cycle":619,"s1":778,"s2":0.2779229641942313,"failure":1}
{"cycle":620,"s1":690,"s2":0.60174681266651,"failure":1}
{"cycle":621,"s1":871,"s2":0.8995629735904108,"failure":1}
{"cycle":622,"s1":911,"s2":1.2093520540083407,"failure":1}
{"cycle":623,"s1":809,"s2":0.7722881227876935,"failure":1}
