{"cycle":623,"s1":997,"s2":1.5854866434840156,"failure":1}
{"cycle":624,"s1":899,"s2":0.38395904588651064,"failure":1}
{"cycle":625,"s1":624,"s2":0.7791117485287141,"failure":1}
{"cycle":626,"s1":954,"s2":0.5503178508891161,"failure":1}
{"cycle":627,"s1":980,"s2":1.0401490736188965,"failure":1}
{"cycle":628,"s1":643,"s2":0.7197915468392828,"failure":1}
{"cycle":629,"s1":796,"s2":1.085381828183877,"failure":1}
{"cycle":630,"s1":982,"s2":1.198883023158946,"failure":1}
{"cycle":631,"s1":700,"s2":0.7902212244620621,"failure":1}
{"cycle":632,"s1":598,"s2":0.806207133509887,"failure":1}
{"cycle":633,"s1":781,"s2":1.4187885428539064,"failure":1}
{"cycle":634,"s1":668,"s2":1.0214863762632422,"failure":1}
{"cycle":635,"s1":974,"s2":1.0178140353377227,"failure":1}
{"cycle":636,"s1":713,"s2":1.49486924782393,"failure":1}
{"cycle":637,"s1":640,"s2":1.3190927063228126,"failure":1}
{"cycle":638,"s1":576,"s2":1.1215995959158356,"failure":1}
{"cycle":639,"s1":870,"s2":0.6924980233602864,"failure":1}
{"cycle":640,"s1":594,"s2":1.3596204598482773,"failure":1}
{"cycle":641,"s1":608,"s2":0.5121168636787725,"failure":1}
{"cycle":642,"s1":651,"s2":1.4120338396137058,"failure":1}
{"cycle":643,"s1":743,"s2":0.7190869619039535,"failure":1}
{"cycle":644,"s1":569,"s2":1.0115798283290494,"failure":1}
{"cycle":645,"s1":815,"s2":0.9720459806765028,"failure":1}
{"cycle":646,"s1":679,"s2":0.19149388340919002,"failure":1}
{"cycle":647,"s1":933,"s2":0.8067819448995251,"failure":1}
{"cycle":648,"s1":550,"s2":0.4715564506906236,"failure":1}
{"cycle":649,"s1":993,"s2":1.0086221401231763,"failure":1}
{"cycle":650,"s1":762,"s2":0.9731650874265771,"failure":1}
{"cycle":651,"s1":515,"s2":0.5730522784723804,"failure":1}
{"cycle":652,"s1":786,"s2":0.8103224490836303,"failure":1}
{"cycle":653,"s1":907,"s2":1.0016060464966983,"failure":1}
{"cycle":654,"s1":697,"s2":1.8875428616179721,"failure":1}
{"cycle":655,"s1":703,"s2":0.4903915340301749,"failure":1}
{"cycle":656,"s1":864,"s2":0.5919383091776332,"failure":1}
{"cycle":657,"s1":684,"s2":0.5559714913880512,"failure":1}
{"cycle":658,"s1":616,"s2":1.110050683582987,"failure":1}
{"cycle":659,"s1":508,"s2":1.298839228394305,"failure":1}
{"cycle":660,"s1":695,"s2":0.5898079950410505,"failure":1}
{"cycle":661,"s1":529,"s2":1.1167980456693336,"failure":1}
{"cycle":662,"s1":789,"s2":0.9785564067506467,"failure":1}
{"cycle":663,"s1":915,"s2":1.0007250792935052,"failure":1}
{"cycle":664,"s1":976,"s2":1.1446536839661547,"failure":1}
{"cycle":665,"s1":959,"s2":1.293495545085563,"failure":1}
{"cycle":666,"s1":548,"s2":0.8048899714107776,"failure":1}
{"cycle":667,"s1":511,"s2":0.8178383248873298,"failure":1}
{"cycle":668,"s1":995,"s2":1.6904313911654423,"failure":1}
{"cycle":669,"s1":908,"s2":1.1975782533339256,"failure":1}
{"cycle":670,"s1":557,"s2":0.571737146699478,"failure":1}
{"cycle":671,"s1":557,"s2":1.0541241262321521,"failure":1}
{"cycle":672,"s1":664,"s2":0.4385024239937686,"failure":1}
{"cycle":673,"s1":932,"s2":0.7172629984910275,"failure":1}
