{"cycle":520,"s1":695,"s2":0.7231099886080437,"failure":0}
{"cycle":521,"s1":528,"s2":1.1352884544418889,"failure":0}
{"cycle":522,"s1":506,"s2":1.1846690247033484,"failure":0}
{"cycle":523,"s1":633,"s2":0.9309061183580447,"failure":0}
{"cycle":524,"s1":637,"s2":0.8255012730425817,"failure":0}
{"cycle":525,"s1":744,"s2":0.457131765385717,"failure":0}
{"cycle":526,"s1":593,"s2":0.6325042133706524,"failure":0}
{"cycle":527,"s1":748,"s2":1.0525674889609447,"failure":0}
{"cycle":528,"s1":665,"s2":0.22004185307559349,"failure":0}
{"cycle":529,"s1":713,"s2":1.1357577230902853,"failure":0}
{"cycle":530,"s1":642,"s2":0.7729377096420535,"failure":0}
{"cycle":531,"s1":647,"s2":1.3274573197815625,"failure":0}
{"cycle":532,"s1":722,"s2":1.0234776825881633,"failure":0}
{"cycle":533,"s1":747,"s2":1.6401016044576124,"failure":0}
{"cycle":534,"s1":560,"s2":0.8995727542875451,"failure":0}
{"cycle":535,"s1":674,"s2":0.9501567538104375,"failure":0}
{"cycle":536,"s1":616,"s2":1.014520827347099,"failure":0}
{"cycle":537,"s1":628,"s2":0.4836498279071465,"failure":0}
{"cycle":538,"s1":530,"s2":0.9485934511782371,"failure":0}
{"cycle":539,"s1":587,"s2":0.7665489438331403,"failure":0}
{"cycle":540,"s1":563,"s2":1.9499339995789575,"failure":0}
{"cycle":541,"s1":687,"s2":0.48128900147367154,"failure":0}
{"cycle":542,"s1":536,"s2":0.8541558218841138,"failure":0}
{"cycle":543,"s1":605,"s2":0.5271440187525632,"failure":0}
{"cycle":544,"s1":675,"s2":1.0729581059970292,"failure":0}
{"cycle":545,"s1":743,"s2":1.3279315614321259,"failure":0}
{"cycle":546,"s1":710,"s2":0.9259543708685112,"failure":0}
{"cycle":547,"s1":522,"s2":0.3450537155439236,"failure":0}
{"cycle":548,"s1":738,"s2":0.4859813493965796,"failure":0}
{"cycle":549,"s1":561,"s2":0.6990826662113989,"failure":0}
{"cycle":550,"s1":503,"s2":0.6005210898584346,"failure":0}
{"cycle":551,"s1":693,"s2":1.0264736098575358,"failure":0}
{"cycle":552,"s1":718,"s2":0.4973005669872794,"failure":0}
{"cycle":553,"s1":552,"s2":0.5670198148242006,"failure":0}
{"cycle":554,"s1":667,"s2":0.6767354588829116,"failure":0}
{"cycle":555,"s1":641,"s2":0.7181496921527583,"failure":0}
{"cycle":556,"s1":500,"s2":1.2356796070236047,"failure":0}
{"cycle":557,"s1":570,"s2":1.1767764364962559,"failure":0}
{"cycle":558,"s1":654,"s2":0.5592329198502528,"failure":0}
{"cycle":559,"s1":542,"s2":0.9391847975919883,"failure":0}
{"cycle":560,"s1":507,"s2":0.540321014109033,"failure":0}
{"cycle":561,"s1":652,"s2":0.5719187694937878,"failure":0}
{"cycle":562,"s1":582,"s2":0.9679052538499088,"failure":0}
{"cycle":563,"s1":661,"s2":1.0097159944139678,"failure":0}
{"cycle":564,"s1":517,"s2":1.0460584499418544,"failure":0}
{"cycle":565,"s1":687,"s2":1.2750381244424676,"failure":0}
{"cycle":566,"s1":703,"s2":1.1533984339845857,"failure":0}
{"cycle":567,"s1":623,"s2":0.7681881859637263,"failure":0}
{"cycle":568,"s1":556,"s2":0.6240145416672485,"failure":0}
{"cycle":569,"s1":710,"s2":1.0574228137233637,"failure":0}
{"cycle":570,"s1":693,"s2":0.6462369677672191,"failure":0}
{"cycle":571,"s1":516,"s2":1.1523885110495207,"failure":0}
{"cycle":572,"s1":667,"s2":0.8108094320952863,"failure":0}
{"cycle":573,"s1":680,"s2":1.907637148706866,"failure":0}
{"cycle":574,"s1":714,"s2":1.15447163796593,"failure":0}
{"cycle":575,"s1":554,"s2":0.7420535388097393,"failure":0}
{"cycle":576,"s1":572,"s2":1.1825073873536782,"failure":0}
{"cycle":577,"s1":735,"s2":0.47874928332050404,"failure":0}
{"cycle":578,"s1":589,"s2":0.6524144859583092,"failure":0}
{"cycle":579,"s1":629,"s2":1.1145729634979005,"failure":0}
{"cycle":580,"s1":738,"s2":1.115237822208207,"failure":0}
{"cycle":581,"s1":578,"s2":0.3962756367814173,"failure":0}
{"cycle":582,"s1":573,"s2":0.4802575383725823,"failure":0}
{"cycle":583,"s1":728,"s2":1.4180467706001372,"failure":0}
{"cycle":584,"s1":615,"s2":0.6877420028992435,"failure":0}
{"cycle":585,"s1":724,"s2":0.7854224393681104,"failure":0}
{"cycle":586,"s1":527,"s2":1.7626189233202496,"failure":0}
{"cycle":587,"s1":605,"s2":0.8742665253727943,"failure":0}
{"cycle":588,"s1":715,"s2":0.7129106511457225,"failure":0}
{"cycle":589,"s1":726,"s2":1.1747998779300688,"failure":0}
{"cycle":590,"s1":588,"s2":0.5442405851664942,"failure":0}
{"cycle":591,"s1":510,"s2":1.5412933619689455,"failure":0}
{"cycle":592,"s1":708,"s2":1.0369676770651288,"failure":0}
{"cycle":593,"s1":651,"s2":0.5189680257765719,"failure":0}
{"cycle":594,"s1":709,"s2":0.9759211362215068,"failure":0}
{"cycle":595,"s1":636,"s2":0.3091768150201354,"failure":0}
{"cycle":596,"s1":564,"s2":1.4754298453861807,"failure":0}
{"cycle":597,"s1":703,"s2":1.233715944655342,"failure":0}
{"cycle":598,"s1":512,"s2":0.8869443317411395,"failure":0}
{"cycle":599,"s1":637,"s2":1.0830987528466562,"failure":0}
{"cycle":600,"s1":654,"s2":0.8078695152651996,"failure":0}
{"cycle":601,"s1":588,"s2":0.8127566431601358,"failure":0}
{"cycle":602,"s1":635,"s2":0.7620958633415144,"failure":0}
{"cycle":603,"s1":531,"s2":1.1680488811425156,"failure":0}
{"cycle":604,"s1":505,"s2":0.39832295667977136,"failure":0}
{"cycle":605,"s1":627,"s2":1.0056202056754349,"failure":0}
{"cycle":606,"s1":630,"s2":0.7774884296503692,"failure":0}
{"cycle":607,"s1":719,"s2":1.0609691259674139,"failure":0}
{"cycle":608,"s1":583,"s2":0.38415994008883014,"failure":0}
{"cycle":609,"s1":525,"s2":0.5640704475413665,"failure":0}
{"cycle":610,"s1":531,"s2":0.6832500277276978,"failure":0}
{"cycle":611,"s1":655,"s2":1.04946745585314,"failure":0}
{"cycle":612,"s1":662,"s2":0.899487426549644,"failure":0}
{"cycle":613,"s1":663,"s2":0.9171228365563031,"failure":0}
{"cycle":614,"s1":683,"s2":1.1873584385421787,"failure":0}
{"cycle":615,"s1":599,"s2":0.7137122097467391,"failure":0}
{"cycle":616,"s1":517,"s2":0.46101959231095835,"failure":0}
{"cycle":617,"s1":648,"s2":0.4581243905571424,"failure":0}
{"cycle":618,"s1":680,"s2":1.4175260074165563,"failure":0}
{"cycle":619,"s1":525,"s2":0.9282124917068149,"failure":0}
{"cycle":620,"s1":531,"s2":1.6409198402886722,"failure":0}
{"cycle":621,"s1":584,"s2":0.24166857818855791,"failure":0}
{"cycle":622,"s1":523,"s2":1.188785305198895,"failure":0}
