{"cycle":593,"s1":544,"s2":0.746411895024584,"failure":1}
{"cycle":594,"s1":671,"s2":0.20298829579476071,"failure":1}
{"cycle":595,"s1":837,"s2":1.4326019875543274,"failure":1}
{"cycle":596,"s1":710,"s2":0.42634916773816905,"failure":1}
{"cycle":597,"s1":978,"s2":2.021372319248452,"failure":1}
{"cycle":598,"s1":852,"s2":0.8137956096056934,"failure":1}
{"cycle":599,"s1":817,"s2":0.9279727666862071,"failure":1}
{"cycle":600,"s1":784,"s2":1.0665398182889203,"failure":1}
{"cycle":601,"s1":941,"s2":0.8675984387301918,"failure":1}
{"cycle":602,"s1":927,"s2":1.6988505395205695,"failure":1}
{"cycle":603,"s1":969,"s2":1.2804009964925254,"failure":1}
{"cycle":604,"s1":508,"s2":0.8713624840211214,"failure":1}
{"cycle":605,"s1":657,"s2":0.5373166387567078,"failure":1}
{"cycle":606,"s1":526,"s2":1.0076915465253824,"failure":1}
{"cycle":607,"s1":971,"s2":0.6487471834714171,"failure":1}
{"cycle":608,"s1":713,"s2":1.7089831637337505,"failure":1}
{"cycle":609,"s1":778,"s2":1.9835582541164172,"failure":1}
{"cycle":610,"s1":970,"s2":0.8018499485705639,"failure":1}
{"cycle":611,"s1":876,"s2":1.495079259271709,"failure":1}
{"cycle":612,"s1":761,"s2":0.31792675867916115,"failure":1}
{"cycle":613,"s1":971,"s2":0.9844399273043234,"failure":1}
{"cycle":614,"s1":817,"s2":0.9376557555779079,"failure":1}
{"cycle":615,"s1":650,"s2":0.7282746345314853,"failure":1}
{"cycle":616,"s1":689,"s2":1.2388843493933621,"failure":1}
{"cycle":617,"s1":991,"s2":1.8252027279573109,"failure":1}
{"cycle":618,"s1":822,"s2":0.9901653828896672,"failure":1}
{"cycle":619,"s1":623,"s2":0.34871676161991266,"failure":1}
{"cycle":620,"s1":963,"s2":1.334206017541349,"failure":1}
{"cycle":621,"s1":944,"s2":1.8072624987918495,"failure":1}
{"cycle":622,"s1":670,"s2":1.1045440602703618,"failure":1}
{"cycle":623,"s1":950,"s2":0.8428027534986121,"failure":1}
{"cycle":624,"s1":540,"s2":0.5950073838556046,"failure":1}
{"cycle":625,"s1":778,"s2":0.7014586130546712,"failure":1}
{"cycle":626,"s1":530,"s2":0.5291670623784095,"failure":1}
{"cycle":627,"s1":932,"s2":0.6634783907955095,"failure":1}
{"cycle":628,"s1":843,"s2":1.8695525545280336,"failure":1}
{"cycle":629,"s1":862,"s2":0.5746867863232519,"failure":1}
{"cycle":630,"s1":859,"s2":1.8975208519009719,"failure":1}
{"cycle":631,"s1":839,"s2":0.7638438524955584,"failure":1}
{"cycle":632,"s1":767,"s2":0.6553231829896303,"failure":1}
{"cycle":633,"s1":937,"s2":0.5130477489570497,"failure":1}
{"cycle":634,"s1":780,"s2":0.7711566597952465,"failure":1}
{"cycle":635,"s1":909,"s2":1.0421651744753517,"failure":1}
{"cycle":636,"s1":647,"s2":0.9477934020045555,"failure":1}
{"cycle":637,"s1":922,"s2":0.555492242779387,"failure":1}
{"cycle":638,"s1":788,"s2":0.8074870592477892,"failure":1}
{"cycle":639,"s1":830,"s2":1.4211490400672973,"failure":1}
{"cycle":640,"s1":956,"s2":1.5657476431783406,"failure":1}
{"cycle":641,"s1":725,"s2":0.7341666391266986,"failure":1}
{"cycle":642,"s1":850,"s2":0.46554005643761337,"failure":1}
