{"cycle":490,"s1":501,"s2":0.9377612573277669,"failure":0}
{"cycle":491,"s1":504,"s2":0.6315005358954273,"failure":0}
{"cycle":492,"s1":639,"s2":0.651970323062542,"failure":0}
{"cycle":493,"s1":621,"s2":1.2887310666670517,"failure":0}
{"cycle":494,"s1":547,"s2":0.3180562033555938,"failure":0}
{"cycle":495,"s1":614,"s2":0.3545335446684461,"failure":0}
{"cycle":496,"s1":670,"s2":1.0086898025148137,"failure":0}
{"cycle":497,"s1":687,"s2":0.7121538372416099,"failure":0}
{"cycle":498,"s1":540,"s2":0.9410425069840775,"failure":0}
{"cycle":499,"s1":568,"s2":0.2728348749648587,"failure":0}
{"cycle":500,"s1":735,"s2":0.5464262718658548,"failure":0}
{"cycle":501,"s1":612,"s2":0.9388075961936497,"failure":0}
{"cycle":502,"s1":744,"s2":0.584024196409815,"failure":0}
{"cycle":503,"s1":653,"s2":0.6621736951446829,"failure":0}
{"cycle":504,"s1":736,"s2":1.2318413505586034,"failure":0}
{"cycle":505,"s1":659,"s2":1.2297364628155791,"failure":0}
{"cycle":506,"s1":647,"s2":1.306341782443257,"failure":0}
{"cycle":507,"s1":578,"s2":1.1343052596976726,"failure":0}
{"cycle":508,"s1":561,"s2":0.9385623734007469,"failure":0}
{"cycle":509,"s1":595,"s2":1.2483086426447536,"failure":0}
{"cycle":510,"s1":686,"s2":0.6939463715378185,"failure":0}
{"cycle":511,"s1":670,"s2":0.7966406777240433,"failure":0}
{"cycle":512,"s1":634,"s2":1.058303192601424,"failure":0}
{"cycle":513,"s1":643,"s2":1.2463262531517463,"failure":0}
{"cycle":514,"s1":598,"s2":0.9243885522059975,"failure":0}
{"cycle":515,"s1":632,"s2":0.8533224649105595,"failure":0}
{"cycle":516,"s1":668,"s2":1.142395226943161,"failure":0}
{"cycle":517,"s1":604,"s2":0.6600563330899895,"failure":0}
{"cycle":518,"s1":662,"s2":0.6702497314404053,"failure":0}
{"cycle":519,"s1":736,"s2":1.12719513292597,"failure":0}
{"cycle":520,"s1":579,"s2":0.6438781399207243,"failure":0}
{"cycle":521,"s1":734,"s2":0.8589177052478008,"failure":0}
{"cycle":522,"s1":510,"s2":0.6237848028249242,"failure":0}
{"cycle":523,"s1":528,"s2":0.9180883873854953,"failure":0}
{"cycle":524,"s1":550,"s2":0.46951451931968186,"failure":0}
{"cycle":525,"s1":720,"s2":0.3730511232429133,"failure":0}
{"cycle":526,"s1":573,"s2":0.9028325800153711,"failure":0}
{"cycle":527,"s1":511,"s2":1.1309753732365215,"failure":0}
{"cycle":528,"s1":652,"s2":1.2316833258093747,"failure":0}
{"cycle":529,"s1":557,"s2":1.4074741754799107,"failure":0}
{"cycle":530,"s1":734,"s2":1.0099612231348558,"failure":0}
{"cycle":531,"s1":749,"s2":0.39984328861783297,"failure":0}
{"cycle":532,"s1":687,"s2":0.8309876310718147,"failure":0}
{"cycle":533,"s1":586,"s2":0.5487553058470485,"failure":0}
{"cycle":534,"s1":522,"s2":1.0106457663387791,"failure":0}
{"cycle":535,"s1":538,"s2":0.8511879667103935,"failure":0}
{"cycle":536,"s1":677,"s2":1.9511540653270156,"failure":0}
{"cycle":537,"s1":618,"s2":1.0234637377936884,"failure":0}
{"cycle":538,"s1":735,"s2":1.1757972868184756,"failure":0}
{"cycle":539,"s1":582,"s2":0.579425856915379,"failure":0}
{"cycle":540,"s1":586,"s2":1.671167926822898,"failure":0}
{"cycle":541,"s1":581,"s2":1.0059318667027166,"failure":0}
{"cycle":542,"s1":712,"s2":0.6151570265346045,"failure":0}
{"cycle":543,"s1":536,"s2":0.5290755018312743,"failure":0}
{"cycle":544,"s1":550,"s2":0.8920734184939996,"failure":0}
{"cycle":545,"s1":573,"s2":0.9210579568536661,"failure":0}
{"cycle":546,"s1":571,"s2":1.4567794176373767,"failure":0}
{"cycle":547,"s1":723,"s2":1.3228147097586302,"failure":0}
{"cycle":548,"s1":644,"s2":0.8038589892685085,"failure":0}
{"cycle":549,"s1":599,"s2":1.7500093462929525,"failure":0}
{"cycle":550,"s1":742,"s2":0.839544959916459,"failure":0}
{"cycle":551,"s1":549,"s2":0.987357449195254,"failure":0}
{"cycle":552,"s1":568,"s2":1.0981200697601685,"failure":0}
{"cycle":553,"s1":503,"s2":0.7103376925177135,"failure":0}
{"cycle":554,"s1":550,"s2":0.9517326027500689,"failure":0}
{"cycle":555,"s1":662,"s2":0.7294186952050776,"failure":0}
{"cycle":556,"s1":631,"s2":1.1681546117258725,"failure":0}
{"cycle":557,"s1":733,"s2":0.8316802164420155,"failure":0}
{"cycle":558,"s1":749,"s2":0.8169536160138977,"failure":0}
{"cycle":559,"s1":605,"s2":0.26272963961195506,"failure":0}
{"cycle":560,"s1":727,"s2":0.7316712583355878,"failure":0}
{"cycle":561,"s1":584,"s2":0.9801482866521761,"failure":0}
{"cycle":562,"s1":588,"s2":0.8498295321423747,"failure":0}
{"cycle":563,"s1":597,"s2":1.7829627061074689,"failure":0}
{"cycle":564,"s1":626,"s2":0.7596745304055486,"failure":0}
{"cycle":565,"s1":663,"s2":0.8775746297824915,"failure":0}
{"cycle":566,"s1":680,"s2":0.7260171883482995,"failure":0}
{"cycle":567,"s1":685,"s2":0.47703988840486267,"failure":0}
{"cycle":568,"s1":599,"s2":0.636229824812777,"failure":0}
{"cycle":569,"s1":552,"s2":0.7652941271068279,"failure":0}
{"cycle":570,"s1":616,"s2":0.8833129490652615,"failure":0}
{"cycle":571,"s1":527,"s2":1.3061219346218835,"failure":0}
{"cycle":572,"s1":722,"s2":1.012291685712609,"failure":0}
{"cycle":573,"s1":734,"s2":0.9463292109833896,"failure":0}
{"cycle":574,"s1":665,"s2":0.6265980623812487,"failure":0}
{"cycle":575,"s1":514,"s2":1.3471360926823852,"failure":0}
{"cycle":576,"s1":674,"s2":1.9744056345893994,"failure":0}
{"cycle":577,"s1":673,"s2":0.942538044330717,"failure":0}
{"cycle":578,"s1":621,"s2":0.8446531823491774,"failure":0}
{"cycle":579,"s1":537,"s2":1.251372358389815,"failure":0}
{"cycle":580,"s1":713,"s2":1.430545905483827,"failure":0}
{"cycle":581,"s1":598,"s2":0.8467838937760235,"failure":0}
{"cycle":582,"s1":743,"s2":1.9567876714473846,"failure":0}
{"cycle":583,"s1":658,"s2":0.6489612103393614,"failure":0}
{"cycle":584,"s1":733,"s2":1.6175362724175444,"failure":0}
{"cycle":585,"s1":583,"s2":0.796609484742534,"failure":0}
{"cycle":586,"s1":565,"s2":0.29666493616225875,"failure":0}
{"cycle":587,"s1":522,"s2":1.276500597545644,"failure":0}
{"cycle":588,"s1":569,"s2":0.7927239774772601,"failure":0}
{"cycle":589,"s1":528,"s2":1.1422525645274515,"failure":0}
{"cycle":590,"s1":550,"s2":1.4407064138741623,"failure":0}
{"cycle":591,"s1":547,"s2":1.22836236782183,"failure":0}
{"cycle":592,"s1":579,"s2":0.7482894797874221,"failure":0}
