{"cycle":601,"s1":641,"s2":1.248611659540154,"failure":1}
{"cycle":602,"s1":976,"s2":0.9646537345636494,"failure":1}
{"cycle":603,"s1":613,"s2":1.1394696617594378,"failure":1}
{"cycle":604,"s1":902,"s2":0.5280462590293646,"failure":1}
{"cycle":605,"s1":644,"s2":0.6310681794326403,"failure":1}
{"cycle":606,"s1":792,"s2":1.1080146654857712,"failure":1}
{"cycle":607,"s1":561,"s2":1.162058056914605,"failure":1}
{"cycle":608,"s1":909,"s2":1.1060871470969138,"failure":1}
{"cycle":609,"s1":622,"s2":1.7181856607921489,"failure":1}
{"cycle":610,"s1":536,"s2":1.5546821786472478,"failure":1}
{"cycle":611,"s1":683,"s2":0.5788353315042261,"failure":1}
{"cycle":612,"s1":892,"s2":1.6248285998850034,"failure":1}
{"cycle":613,"s1":685,"s2":1.1973436762075984,"failure":1}
{"cycle":614,"s1":623,"s2":0.7850745045179282,"failure":1}
{"cycle":615,"s1":697,"s2":1.1139186866796424,"failure":1}
{"cycle":616,"s1":771,"s2":1.4897246497506618,"failure":1}
{"cycle":617,"s1":838,"s2":0.807351056409326,"failure":1}
{"cycle":618,"s1":526,"s2":0.8917312088973152,"failure":1}
{"cycle":619,"s1":549,"s2":1.15719703381993,"failure":1}
{"cycle":620,"s1":867,"s2":1.3643264200831904,"failure":1}
{"cycle":621,"s1":556,"s2":0.9241045352502711,"failure":1}
{"cycle":622,"s1":890,"s2":1.3793902125671649,"failure":1}
{"cycle":623,"s1":923,"s2":1.3526142220419426,"failure":1}
{"cycle":624,"s1":549,"s2":0.8767920679563801,"failure":1}
{"cycle":625,"s1":512,"s2":0.4555220607438774,"failure":1}
{"cycle":626,"s1":968,"s2":0.5647116657548934,"failure":1}
{"cycle":627,"s1":826,"s2":0.2899360766620681,"failure":1}
{"cycle":628,"s1":998,"s2":0.7464393188365782,"failure":1}
{"cycle":629,"s1":520,"s2":1.129035558448694,"failure":1}
{"cycle":630,"s1":609,"s2":0.3341173239051255,"failure":1}
{"cycle":631,"s1":567,"s2":0.5586518775504119,"failure":1}
{"cycle":632,"s1":710,"s2":1.2480937092400757,"failure":1}
{"cycle":633,"s1":759,"s2":1.1324413382716743,"failure":1}
{"cycle":634,"s1":833,"s2":1.6467747368439434,"failure":1}
{"cycle":635,"s1":903,"s2":0.7532997868097211,"failure":1}
{"cycle":636,"s1":953,"s2":0.8244208398597792,"failure":1}
{"cycle":637,"s1":513,"s2":1.6174054162363511,"failure":1}
{"cycle":638,"s1":790,"s2":0.5918176320230144,"failure":1}
{"cycle":639,"s1":748,"s2":1.1417978251984826,"failure":1}
{"cycle":640,"s1":943,"s2":0.9152927531113912,"failure":1}
{"cycle":641,"s1":946,"s2":0.4820174049448858,"failure":1}
{"cycle":642,"s1":803,"s2":1.1331489551987137,"failure":1}
{"cycle":643,"s1":875,"s2":0.9220521624515708,"failure":1}
{"cycle":644,"s1":994,"s2":0.7901815292438181,"failure":1}
{"cycle":645,"s1":802,"s2":0.7146058049722319,"failure":1}
{"cycle":646,"s1":570,"s2":0.920291931631847,"failure":1}
{"cycle":647,"s1":502,"s2":1.0646133920418408,"failure":1}
{"cycle":648,"s1":521,"s2":1.0269297740112662,"failure":1}
{"cycle":649,"s1":660,"s2":1.2114629586393622,"failure":1}
{"cycle":650,"s1":552,"s2":0.8487547784134268,"failure":1}
{"cycle":651,"s1":569,"s2":0.4997471701409701,"failure":1}
{"cycle":652,"s1":995,"s2":1.0159013948450053,"failure":1}
{"cycle":653,"s1":708,"s2":1.433781375736411,"failure":1}
{"cycle":654,"s1":904,"s2":0.7752315597696412,"failure":1}
{"cycle":655,"s1":960,"s2":1.0882170233075068,"failure":1}
{"cycle":656,"s1":678,"s2":1.3572092267239817,"failure":1}
{"cycle":657,"s1":635,"s2":0.807820898388113,"failure":1}
{"cycle":658,"s1":718,"s2":0.5034377246725725,"failure":1}
