{"cycle":500,"s1":541,"s2":0.6558981824730925,"failure":0}
{"cycle":501,"s1":590,"s2":1.077473945070865,"failure":0}
{"cycle":502,"s1":736,"s2":0.44335389228082367,"failure":0}
{"cycle":503,"s1":718,"s2":0.6596130524661643,"failure":0}
{"cycle":504,"s1":708,"s2":0.9023426425431393,"failure":0}
{"cycle":505,"s1":595,"s2":1.3494400034622642,"failure":0}
{"cycle":506,"s1":643,"s2":1.1252930423914078,"failure":0}
{"cycle":507,"s1":545,"s2":0.5722735209054239,"failure":0}
{"cycle":508,"s1":702,"s2":0.8886042960508173,"failure":0}
{"cycle":509,"s1":563,"s2":0.5206812228592439,"failure":0}
{"cycle":510,"s1":549,"s2":0.8499145507891637,"failure":0}
{"cycle":511,"s1":727,"s2":0.8974398973152482,"failure":0}
{"cycle":512,"s1":545,"s2":1.7682039705448283,"failure":0}
{"cycle":513,"s1":517,"s2":0.7052165404097519,"failure":0}
{"cycle":514,"s1":700,"s2":0.43700495023519237,"failure":0}
{"cycle":515,"s1":645,"s2":1.4773291310462462,"failure":0}
{"cycle":516,"s1":501,"s2":1.4878110751989841,"failure":0}
{"cycle":517,"s1":673,"s2":0.45749672699527977,"failure":0}
{"cycle":518,"s1":731,"s2":1.085177440370113,"failure":0}
{"cycle":519,"s1":728,"s2":0.8930472950345154,"failure":0}
{"cycle":520,"s1":704,"s2":0.7050405620292782,"failure":0}
{"cycle":521,"s1":584,"s2":1.007722686987512,"failure":0}
{"cycle":522,"s1":687,"s2":0.7775046577891179,"failure":0}
{"cycle":523,"s1":628,"s2":1.3256510630370018,"failure":0}
{"cycle":524,"s1":577,"s2":1.2675583472033027,"failure":0}
{"cycle":525,"s1":505,"s2":0.6223859804167439,"failure":0}
{"cycle":526,"s1":669,"s2":0.566744245908138,"failure":0}
{"cycle":527,"s1":633,"s2":0.7893281956244185,"failure":0}
{"cycle":528,"s1":609,"s2":1.270271890913193,"failure":0}
{"cycle":529,"s1":510,"s2":0.6112066369466709,"failure":0}
{"cycle":530,"s1":642,"s2":0.9585566221211399,"failure":0}
{"cycle":531,"s1":736,"s2":1.1924735084835645,"failure":0}
{"cycle":532,"s1":630,"s2":0.9486346271159452,"failure":0}
{"cycle":533,"s1":617,"s2":1.9541503708095511,"failure":0}
{"cycle":534,"s1":542,"s2":0.8309672582108234,"failure":0}
{"cycle":535,"s1":673,"s2":0.5631257633817012,"failure":0}
{"cycle":536,"s1":539,"s2":0.6268503696505026,"failure":0}
{"cycle":537,"s1":596,"s2":0.7014764052861422,"failure":0}
{"cycle":538,"s1":603,"s2":1.3551578353422729,"failure":0}
{"cycle":539,"s1":654,"s2":1.3991402497668401,"failure":0}
{"cycle":540,"s1":567,"s2":0.8734416985003677,"failure":0}
{"cycle":541,"s1":659,"s2":0.9608455423229632,"failure":0}
{"cycle":542,"s1":649,"s2":1.1949752197474175,"failure":0}
{"cycle":543,"s1":626,"s2":0.9937358881745322,"failure":0}
{"cycle":544,"s1":543,"s2":1.6549779165409966,"failure":0}
{"cycle":545,"s1":626,"s2":0.7188633972999215,"failure":0}
{"cycle":546,"s1":567,"s2":1.1060960287305175,"failure":0}
{"cycle":547,"s1":529,"s2":0.7298344693385408,"failure":0}
{"cycle":548,"s1":674,"s2":0.9334390503120001,"failure":0}
{"cycle":549,"s1":604,"s2":0.6612393572502531,"failure":0}
{"cycle":550,"s1":625,"s2":0.910607852428442,"failure":0}
{"cycle":551,"s1":618,"s2":1.5601818911442298,"failure":0}
{"cycle":552,"s1":739,"s2":1.2924708861329255,"failure":0}
{"cycle":553,"s1":636,"s2":0.6005617789806836,"failure":0}
{"cycle":554,"s1":688,"s2":0.5245378199164337,"failure":0}
{"cycle":555,"s1":744,"s2":0.5101891170297633,"failure":0}
{"cycle":556,"s1":617,"s2":0.7956999007423486,"failure":0}
{"cycle":557,"s1":721,"s2":0.7787460950577658,"failure":0}
{"cycle":558,"s1":721,"s2":0.6455810333626772,"failure":0}
{"cycle":559,"s1":695,"s2":0.7705617219992587,"failure":0}
{"cycle":560,"s1":669,"s2":0.6571763833017433,"failure":0}
{"cycle":561,"s1":546,"s2":1.1305124350935527,"failure":0}
{"cycle":562,"s1":687,"s2":0.8992845690362206,"failure":0}
{"cycle":563,"s1":729,"s2":1.3272173732187287,"failure":0}
{"cycle":564,"s1":636,"s2":0.9795825022021148,"failure":0}
{"cycle":565,"s1":687,"s2":1.8580857255615928,"failure":0}
{"cycle":566,"s1":526,"s2":1.0018613787121031,"failure":0}
{"cycle":567,"s1":683,"s2":0.9487738881673506,"failure":0}
{"cycle":568,"s1":731,"s2":1.2591534193531928,"failure":0}
{"cycle":569,"s1":544,"s2":0.7424736493923489,"failure":0}
{"cycle":570,"s1":746,"s2":0.7384872003347219,"failure":0}
{"cycle":571,"s1":687,"s2":0.2710929450803895,"failure":0}
{"cycle":572,"s1":597,"s2":1.1059578004019988,"failure":0}
{"cycle":573,"s1":675,"s2":0.5178739216103614,"failure":0}
{"cycle":574,"s1":727,"s2":1.128720853292605,"failure":0}
{"cycle":575,"s1":711,"s2":0.5530149686231282,"failure":0}
{"cycle":576,"s1":649,"s2":0.5880779197927334,"failure":0}
{"cycle":577,"s1":523,"s2":1.1383229361670226,"failure":0}
{"cycle":578,"s1":714,"s2":0.5902441016266566,"failure":0}
{"cycle":579,"s1":592,"s2":1.0117408702403299,"failure":0}
{"cycle":580,"s1":698,"s2":0.8977143475362077,"failure":0}
{"cycle":581,"s1":677,"s2":0.7674100891646074,"failure":0}
{"cycle":582,"s1":631,"s2":0.5172127707531574,"failure":0}
{"cycle":583,"s1":630,"s2":0.8359723217264177,"failure":0}
{"cycle":584,"s1":622,"s2":0.4542328237392364,"failure":0}
{"cycle":585,"s1":658,"s2":0.738609210982613,"failure":0}
{"cycle":586,"s1":696,"s2":1.442962017011399,"failure":0}
{"cycle":587,"s1":592,"s2":1.1828767003389664,"failure":0}
{"cycle":588,"s1":546,"s2":0.3018532905746341,"failure":0}
{"cycle":589,"s1":512,"s2":0.892533728723668,"failure":0}
{"cycle":590,"s1":666,"s2":0.4653802924001787,"failure":0}
{"cycle":591,"s1":711,"s2":1.2327344002842917,"failure":0}
{"cycle":592,"s1":740,"s2":0.9795847552591004,"failure":0}
{"cycle":593,"s1":637,"s2":1.0458804368755965,"failure":0}
{"cycle":594,"s1":658,"s2":2.602451669319106,"failure":0}
{"cycle":595,"s1":676,"s2":1.0217526963628387,"failure":0}
{"cycle":596,"s1":506,"s2":1.0954338274140187,"failure":0}
{"cycle":597,"s1":604,"s2":0.7073430914298717,"failure":0}
{"cycle":598,"s1":681,"s2":1.6753720888449088,"failure":0}
{"cycle":599,"s1":612,"s2":0.9518162072449222,"failure":0}
{"cycle":600,"s1":638,"s2":1.3038943062763704,"failure":0}
