{"cycle":500,"s1":680,"s2":1.1796040017391711,"failure":0}
{"cycle":501,"s1":556,"s2":0.6960928065143878,"failure":0}
{"cycle":502,"s1":506,"s2":2.2649586113412545,"failure":0}
{"cycle":503,"s1":540,"s2":0.9025643400287281,"failure":0}
{"cycle":504,"s1":559,"s2":1.7492332221036768,"failure":0}
{"cycle":505,"s1":539,"s2":0.7276255326234542,"failure":0}
{"cycle":506,"s1":534,"s2":0.8039221709699852,"failure":0}
{"cycle":507,"s1":689,"s2":2.4675439615599,"failure":0}
{"cycle":508,"s1":636,"s2":0.9562046871202,"failure":0}
{"cycle":509,"s1":711,"s2":1.03683630585126,"failure":0}
{"cycle":510,"s1":747,"s2":0.8264135974262115,"failure":0}
{"cycle":511,"s1":536,"s2":0.37798728684075333,"failure":0}
{"cycle":512,"s1":539,"s2":1.2466253888655925,"failure":0}
{"cycle":513,"s1":710,"s2":1.1657750134929175,"failure":0}
{"cycle":514,"s1":742,"s2":1.1626117675437933,"failure":0}
{"cycle":515,"s1":682,"s2":1.1028407328712704,"failure":0}
{"cycle":516,"s1":564,"s2":1.6794728189447785,"failure":0}
{"cycle":517,"s1":552,"s2":0.8248882387395803,"failure":0}
{"cycle":518,"s1":604,"s2":0.3506695525321643,"failure":0}
{"cycle":519,"s1":614,"s2":0.58275934578144,"failure":0}
{"cycle":520,"s1":705,"s2":0.5958808196036289,"failure":0}
{"cycle":521,"s1":597,"s2":1.0377261882655722,"failure":0}
{"cycle":522,"s1":657,"s2":0.9487549608679323,"failure":0}
{"cycle":523,"s1":706,"s2":1.0552125777633194,"failure":0}
{"cycle":524,"s1":739,"s2":1.0789693112256913,"failure":0}
{"cycle":525,"s1":622,"s2":0.7200551848356378,"failure":0}
{"cycle":526,"s1":621,"s2":1.5398889639663487,"failure":0}
{"cycle":527,"s1":551,"s2":0.712563241846668,"failure":0}
{"cycle":528,"s1":605,"s2":1.0911626869823923,"failure":0}
{"cycle":529,"s1":621,"s2":0.9365003477681414,"failure":0}
{"cycle":530,"s1":674,"s2":1.436252056748567,"failure":0}
{"cycle":531,"s1":748,"s2":0.4567911073157382,"failure":0}
{"cycle":532,"s1":716,"s2":1.375461354613107,"failure":0}
{"cycle":533,"s1":677,"s2":1.414321774692332,"failure":0}
{"cycle":534,"s1":652,"s2":0.4778533177693155,"failure":0}
{"cycle":535,"s1":651,"s2":0.715536933591266,"failure":0}
{"cycle":536,"s1":519,"s2":1.1924140333247066,"failure":0}
{"cycle":537,"s1":504,"s2":0.734999073668184,"failure":0}
{"cycle":538,"s1":572,"s2":1.3726213324612948,"failure":0}
{"cycle":539,"s1":640,"s2":0.7646532747528132,"failure":0}
{"cycle":540,"s1":640,"s2":1.2074749165176826,"failure":0}
{"cycle":541,"s1":701,"s2":0.49113748246626426,"failure":0}
{"cycle":542,"s1":723,"s2":1.019086313988602,"failure":0}
{"cycle":543,"s1":711,"s2":0.9672810947366075,"failure":0}
{"cycle":544,"s1":558,"s2":0.35627315310306074,"failure":0}
{"cycle":545,"s1":732,"s2":0.45271596867717195,"failure":0}
{"cycle":546,"s1":721,"s2":1.4812728652446423,"failure":0}
{"cycle":547,"s1":654,"s2":0.9066862521099216,"failure":0}
{"cycle":548,"s1":619,"s2":0.6081743531245886,"failure":0}
{"cycle":549,"s1":647,"s2":0.8346859048510222,"failure":0}
{"cycle":550,"s1":639,"s2":0.9990120922829137,"failure":0}
{"cycle":551,"s1":671,"s2":0.9567549129554894,"failure":0}
{"cycle":552,"s1":579,"s2":0.7318869072172572,"failure":0}
{"cycle":553,"s1":522,"s2":1.058761772012213,"failure":0}
{"cycle":554,"s1":595,"s2":0.7431189447512707,"failure":0}
{"cycle":555,"s1":624,"s2":1.837773880033034,"failure":0}
{"cycle":556,"s1":511,"s2":1.8509965073249546,"failure":0}
{"cycle":557,"s1":664,"s2":0.9368671776697639,"failure":0}
{"cycle":558,"s1":683,"s2":1.0919205257905618,"failure":0}
{"cycle":559,"s1":511,"s2":1.2944586454780955,"failure":0}
{"cycle":560,"s1":539,"s2":0.824586822717347,"failure":0}
{"cycle":561,"s1":650,"s2":0.5763693328779516,"failure":0}
{"cycle":562,"s1":641,"s2":1.0457274234771636,"failure":0}
{"cycle":563,"s1":530,"s2":0.5884507978260736,"failure":0}
{"cycle":564,"s1":593,"s2":0.9135749493454298,"failure":0}
{"cycle":565,"s1":741,"s2":0.5961838897381384,"failure":0}
{"cycle":566,"s1":676,"s2":0.520708182278897,"failure":0}
{"cycle":567,"s1":731,"s2":0.8067551036913914,"failure":0}
{"cycle":568,"s1":599,"s2":0.7924192261533702,"failure":0}
{"cycle":569,"s1":624,"s2":1.3359580015855526,"failure":0}
{"cycle":570,"s1":676,"s2":2.058838595472894,"failure":0}
{"cycle":571,"s1":610,"s2":1.7835136501442477,"failure":0}
{"cycle":572,"s1":558,"s2":0.2197105601451331,"failure":0}
{"cycle":573,"s1":645,"s2":0.5453616579471074,"failure":0}
{"cycle":574,"s1":539,"s2":0.430388198701315,"failure":0}
{"cycle":575,"s1":535,"s2":0.545645070142154,"failure":0}
{"cycle":576,"s1":610,"s2":0.631111750912874,"failure":0}
{"cycle":577,"s1":525,"s2":0.7611192218914498,"failure":0}
{"cycle":578,"s1":675,"s2":0.9611655657231208,"failure":0}
{"cycle":579,"s1":641,"s2":0.8640851616033345,"failure":0}
{"cycle":580,"s1":548,"s2":0.9856733264538473,"failure":0}
{"cycle":581,"s1":650,"s2":0.7458180445339897,"failure":0}
{"cycle":582,"s1":603,"s2":0.7140402647184937,"failure":0}
{"cycle":583,"s1":689,"s2":1.3893447780605792,"failure":0}
{"cycle":584,"s1":553,"s2":0.5302476833122921,"failure":0}
{"cycle":585,"s1":704,"s2":0.9411957859328698,"failure":0}
{"cycle":586,"s1":627,"s2":0.6611341567869014,"failure":0}
{"cycle":587,"s1":742,"s2":1.7857609000027281,"failure":0}
{"cycle":588,"s1":726,"s2":1.0694846605996569,"failure":0}
{"cycle":589,"s1":528,"s2":0.5232584444399477,"failure":0}
{"cycle":590,"s1":512,"s2":0.5356859822928031,"failure":0}
{"cycle":591,"s1":521,"s2":0.48865409823457784,"failure":0}
{"cycle":592,"s1":679,"s2":1.7373031490478374,"failure":0}
{"cycle":593,"s1":547,"s2":0.5851533946087765,"failure":0}
{"cycle":594,"s1":739,"s2":0.8559172628487097,"failure":0}
{"cycle":595,"s1":725,"s2":0.8446974421362545,"failure":0}
{"cycle":596,"s1":513,"s2":0.9429340043072758,"failure":0}
{"cycle":597,"s1":571,"s2":1.4886716430846751,"failure":0}
{"cycle":598,"s1":546,"s2":0.7574888495216325,"failure":0}
{"cycle":599,"s1":661,"s2":0.9486560561862127,"failure":0}
{"cycle":600,"s1":591,"s2":0.8023080377368593,"failure":0}
{"cycle":601,"s1":737,"s2":0.7711278007462781,"failure":0}
{"cycle":602,"s1":582,"s2":1.2950936262531276,"failure":0}
{"cycle":603,"s1":602,"s2":0.8668563658524879,"failure":0}
{"cycle":604,"s1":701,"s2":0.6440948605523782,"failure":0}
{"cycle":605,"s1":679,"s2":0.6828729243561162,"failure":0}
