{"cycle":606,"s1":663,"s2":1.0935665649339437,"failure":1}
{"cycle":607,"s1":743,"s2":0.6715350012065149,"failure":1}
{"cycle":608,"s1":857,"s2":0.8280826386493165,"failure":1}
{"cycle":609,"s1":695,"s2":0.983173220111705,"failure":1}
{"cycle":610,"s1":879,"s2":0.7974243004344831,"failure":1}
{"cycle":611,"s1":985,"s2":0.6216778712925366,"failure":1}
{"cycle":612,"s1":942,"s2":1.3014416189144478,"failure":1}
{"cycle":613,"s1":860,"s2":0.7351475987435616,"failure":1}
{"cycle":614,"s1":557,"s2":1.2940609646188133,"failure":1}
{"cycle":615,"s1":574,"s2":1.0073355084426345,"failure":1}
{"cycle":616,"s1":739,"s2":1.5580246290702842,"failure":1}
{"cycle":617,"s1":737,"s2":1.2969611261188565,"failure":1}
{"cycle":618,"s1":683,"s2":1.6797736893668855,"failure":1}
{"cycle":619,"s1":924,"s2":0.7285199614013417,"failure":1}
{"cycle":620,"s1":836,"s2":0.626122794854452,"failure":1}
{"cycle":621,"s1":872,"s2":1.9644222841478822,"failure":1}
{"cycle":622,"s1":544,"s2":1.5246780371305924,"failure":1}
{"cycle":623,"s1":752,"s2":0.9308282222836534,"failure":1}
{"cycle":624,"s1":715,"s2":0.37087119436660404,"failure":1}
{"cycle":625,"s1":906,"s2":0.444829807579007,"failure":1}
{"cycle":626,"s1":596,"s2":1.5585834970197159,"failure":1}
{"cycle":627,"s1":690,"s2":0.7649767956594369,"failure":1}
{"cycle":628,"s1":917,"s2":1.6641674139258693,"failure":1}
{"cycle":629,"s1":908,"s2":2.4846845510724114,"failure":1}
{"cycle":630,"s1":896,"s2":0.9467789595125229,"failure":1}
{"cycle":631,"s1":546,"s2":0.9521322904127437,"failure":1}
{"cycle":632,"s1":738,"s2":1.1564764084411057,"failure":1}
{"cycle":633,"s1":808,"s2":0.9167447349477211,"failure":1}
{"cycle":634,"s1":574,"s2":0.6637361968631134,"failure":1}
{"cycle":635,"s1":990,"s2":0.573352869098644,"failure":1}
{"cycle":636,"s1":744,"s2":1.3448674631658106,"failure":1}
{"cycle":637,"s1":691,"s2":1.5528942394926033,"failure":1}
{"cycle":638,"s1":818,"s2":0.6644471963440186,"failure":1}
{"cycle":639,"s1":644,"s2":0.8169322015230704,"failure":1}
{"cycle":640,"s1":846,"s2":1.435318598309354,"failure":1}
{"cycle":641,"s1":511,"s2":0.7997756832963092,"failure":1}
{"cycle":642,"s1":969,"s2":1.4471902755070398,"failure":1}
{"cycle":643,"s1":790,"s2":0.6042048220167636,"failure":1}
{"cycle":644,"s1":679,"s2":1.1865737750123784,"failure":1}
{"cycle":645,"s1":906,"s2":0.4257205003039452,"failure":1}
{"cycle":646,"s1":618,"s2":1.6336167086092477,"failure":1}
{"cycle":647,"s1":920,"s2":1.1805976249748,"failure":1}
{"cycle":648,"s1":898,"s2":1.527450180199283,"failure":1}
{"cycle":649,"s1":670,"s2":1.1144652717249766,"failure":1}
{"cycle":650,"s1":702,"s2":1.4379629412495116,"failure":1}
{"cycle":651,"s1":684,"s2":0.7927847922375849,"failure":1}
{"cycle":652,"s1":811,"s2":0.5994453232333223,"failure":1}
{"cycle":653,"s1":789,"s2":0.4839537340350263,"failure":1}
{"cycle":654,"s1":961,"s2":2.0764100647241928,"failure":1}
{"cycle":655,"s1":867,"s2":1.0227339867375762,"failure":1}
