{"cycle":586,"s1":977,"s2":0.5970066305171217,"failure":1}
{"cycle":587,"s1":827,"s2":0.5054537808105835,"failure":1}
{"cycle":588,"s1":556,"s2":1.3607624819339845,"failure":1}
{"cycle":589,"s1":969,"s2":0.9062097327657792,"failure":1}
{"cycle":590,"s1":693,"s2":1.187576689259106,"failure":1}
{"cycle":591,"s1":704,"s2":1.060644788698356,"failure":1}
{"cycle":592,"s1":956,"s2":0.4849794658289892,"failure":1}
{"cycle":593,"s1":908,"s2":0.9617469070869762,"failure":1}
{"cycle":594,"s1":765,"s2":0.958414645541237,"failure":1}
{"cycle":595,"s1":506,"s2":0.6791999586594427,"failure":1}
{"cycle":596,"s1":804,"s2":0.8683998601059981,"failure":1}
{"cycle":597,"s1":680,"s2":1.3077869543790956,"failure":1}
{"cycle":598,"s1":587,"s2":0.6647943062232768,"failure":1}
{"cycle":599,"s1":656,"s2":0.8724340502165914,"failure":1}
{"cycle":600,"s1":960,"s2":0.5515384671907125,"failure":1}
{"cycle":601,"s1":761,"s2":1.1238523848424284,"failure":1}
{"cycle":602,"s1":850,"s2":0.6020616484888227,"failure":1}
{"cycle":603,"s1":586,"s2":1.7648574816100724,"failure":1}
{"cycle":604,"s1":710,"s2":1.0606042297295102,"failure":1}
{"cycle":605,"s1":755,"s2":2.514042767870497,"failure":1}
{"cycle":606,"s1":909,"s2":0.5831832124941837,"failure":1}
{"cycle":607,"s1":568,"s2":0.5273402007895297,"failure":1}
{"cycle":608,"s1":519,"s2":0.7523319169723446,"failure":1}
{"cycle":609,"s1":790,"s2":0.9745255254500448,"failure":1}
{"cycle":610,"s1":877,"s2":0.7790717615446169,"failure":1}
{"cycle":611,"s1":790,"s2":1.0469907959048856,"failure":1}
{"cycle":612,"s1":509,"s2":0.3137373414416072,"failure":1}
{"cycle":613,"s1":604,"s2":0.6109451292483579,"failure":1}
{"cycle":614,"s1":521,"s2":0.8271419739820777,"failure":1}
{"cycle":615,"s1":601,"s2":0.6890911062834286,"failure":1}
{"cycle":616,"s1":835,"s2":0.8117953428223623,"failure":1}
{"cycle":617,"s1":942,"s2":1.2232259736211857,"failure":1}
{"cycle":618,"s1":747,"s2":2.178189884829498,"failure":1}
{"cycle":619,"s1":533,"s2":0.5779303646762853,"failure":1}
{"cycle":620,"s1":996,"s2":1.7399565931384224,"failure":1}
{"cycle":621,"s1":624,"s2":1.6354519715476143,"failure":1}
{"cycle":622,"s1":547,"s2":0.595126454582425,"failure":1}
{"cycle":623,"s1":537,"s2":0.5761042327695151,"failure":1}
{"cycle":624,"s1":766,"s2":1.6840702703529673,"failure":1}
{"cycle":625,"s1":699,"s2":1.6298631970262676,"failure":1}
{"cycle":626,"s1":717,"s2":0.9494729492275017,"failure":1}
{"cycle":627,"s1":772,"s2":1.139495233603079,"failure":1}
{"cycle":628,"s1":914,"s2":0.7892510570919422,"failure":1}
{"cycle":629,"s1":963,"s2":0.7307587993435637,"failure":1}
{"cycle":630,"s1":784,"s2":0.7890977476142416,"failure":1}
{"cycle":631,"s1":599,"s2":0.7105216048290524,"failure":1}
{"cycle":632,"s1":816,"s2":0.9712648645962967,"failure":1}
{"cycle":633,"s1":706,"s2":1.250532948271865,"failure":1}
{"cycle":634,"s1":988,"s2":0.6408968831201418,"failure":1}
{"cycle":635,"s1":583,"s2":1.2808010014871425,"failure":1}
{"cycle":636,"s1":820,"s2":0.32245487785774885,"failure":1}
{"cycle":637,"s1":694,"s2":0.2576259346219478,"failure":1}
{"cycle":638,"s1":966,"s2":0.7953345617250037,"failure":1}
