{"cycle":483,"s1":671,"s2":1.2349205199499587,"failure":0}
{"cycle":484,"s1":544,"s2":1.871726644076523,"failure":0}
{"cycle":485,"s1":545,"s2":0.7066293455447722,"failure":0}
{"cycle":486,"s1":542,"s2":0.8908935618830472,"failure":0}
{"cycle":487,"s1":741,"s2":1.0249708909279767,"failure":0}
{"cycle":488,"s1":659,"s2":3.737244603702796,"failure":0}
{"cycle":489,"s1":681,"s2":0.5579329752140044,"failure":0}
{"cycle":490,"s1":533,"s2":2.1804136823355607,"failure":0}
{"cycle":491,"s1":714,"s2":0.9669567904942747,"failure":0}
{"cycle":492,"s1":624,"s2":0.8483476519320032,"failure":0}
{"cycle":493,"s1":683,"s2":1.387764608218443,"failure":0}
{"cycle":494,"s1":641,"s2":1.267943219357547,"failure":0}
{"cycle":495,"s1":699,"s2":0.759023843059504,"failure":0}
{"cycle":496,"s1":730,"s2":0.9979263764961059,"failure":0}
{"cycle":497,"s1":545,"s2":0.29454157359565913,"failure":0}
{"cycle":498,"s1":577,"s2":0.7016195808347053,"failure":0}
{"cycle":499,"s1":611,"s2":0.7596740162726937,"failure":0}
{"cycle":500,"s1":703,"s2":0.6043512585128276,"failure":0}
{"cycle":501,"s1":537,"s2":0.939022149206725,"failure":0}
{"cycle":502,"s1":600,"s2":0.520876438235779,"failure":0}
{"cycle":503,"s1":615,"s2":0.9970466233612039,"failure":0}
{"cycle":504,"s1":682,"s2":1.5161845714288242,"failure":0}
{"cycle":505,"s1":707,"s2":2.7393492465160216,"failure":0}
{"cycle":506,"s1":551,"s2":0.6465535323578651,"failure":0}
{"cycle":507,"s1":656,"s2":0.6589722518183178,"failure":0}
{"cycle":508,"s1":585,"s2":0.7387275701445442,"failure":0}
{"cycle":509,"s1":560,"s2":1.8479975987053812,"failure":0}
{"cycle":510,"s1":685,"s2":1.0026468906352055,"failure":0}
{"cycle":511,"s1":707,"s2":0.6385759057913789,"failure":0}
{"cycle":512,"s1":662,"s2":0.7012149395141668,"failure":0}
{"cycle":513,"s1":720,"s2":1.1824934921316292,"failure":0}
{"cycle":514,"s1":744,"s2":2.1264169017578523,"failure":0}
{"cycle":515,"s1":655,"s2":0.7854569145456035,"failure":0}
{"cycle":516,"s1":739,"s2":1.134441548133853,"failure":0}
{"cycle":517,"s1":709,"s2":0.30892823920814794,"failure":0}
{"cycle":518,"s1":645,"s2":0.377089966590445,"failure":0}
{"cycle":519,"s1":679,"s2":0.4856091181384604,"failure":0}
{"cycle":520,"s1":647,"s2":0.9612661231901815,"failure":0}
{"cycle":521,"s1":659,"s2":1.5274225684430138,"failure":0}
{"cycle":522,"s1":738,"s2":0.689688784710053,"failure":0}
{"cycle":523,"s1":685,"s2":1.2119006210886496,"failure":0}
{"cycle":524,"s1":624,"s2":0.9261826789528218,"failure":0}
{"cycle":525,"s1":548,"s2":0.998397103522521,"failure":0}
{"cycle":526,"s1":553,"s2":0.9183714116845458,"failure":0}
{"cycle":527,"s1":655,"s2":1.6800802170022202,"failure":0}
{"cycle":528,"s1":589,"s2":0.8541510181604455,"failure":0}
{"cycle":529,"s1":572,"s2":0.5690094005399,"failure":0}
{"cycle":530,"s1":504,"s2":0.5472263279518185,"failure":0}
{"cycle":531,"s1":634,"s2":0.9215858338923886,"failure":0}
{"cycle":532,"s1":537,"s2":1.9262775976328388,"failure":0}
{"cycle":533,"s1":618,"s2":0.5357425319356588,"failure":0}
{"cycle":534,"s1":604,"s2":1.246064084897987,"failure":0}
{"cycle":535,"s1":614,"s2":0.9607194176303804,"failure":0}
{"cycle":536,"s1":727,"s2":0.986999824870642,"failure":0}
{"cycle":537,"s1":524,"s2":0.9302150534730466,"failure":0}
{"cycle":538,"s1":718,"s2":0.43945086303783176,"failure":0}
{"cycle":539,"s1":617,"s2":0.8854707084212615,"failure":0}
{"cycle":540,"s1":611,"s2":0.3552991313213228,"failure":0}
{"cycle":541,"s1":516,"s2":1.505778855050509,"failure":0}
{"cycle":542,"s1":511,"s2":0.44120584335567437,"failure":0}
{"cycle":543,"s1":512,"s2":1.2138540761985632,"failure":0}
{"cycle":544,"s1":513,"s2":1.8826308345822604,"failure":0}
{"cycle":545,"s1":552,"s2":1.5427709690146962,"failure":0}
{"cycle":546,"s1":613,"s2":0.9678886776015249,"failure":0}
{"cycle":547,"s1":532,"s2":1.1590509218275489,"failure":0}
{"cycle":548,"s1":725,"s2":1.1428417879647814,"failure":0}
{"cycle":549,"s1":514,"s2":1.312747565972224,"failure":0}
{"cycle":550,"s1":719,"s2":0.6686859511366933,"failure":0}
{"cycle":551,"s1":641,"s2":0.9419814775953161,"failure":0}
{"cycle":552,"s1":743,"s2":0.6370012327242767,"failure":0}
{"cycle":553,"s1":623,"s2":1.2476140333245647,"failure":0}
{"cycle":554,"s1":527,"s2":0.6420633307439157,"failure":0}
{"cycle":555,"s1":605,"s2":0.8171974396294518,"failure":0}
{"cycle":556,"s1":567,"s2":1.4591691178077515,"failure":0}
{"cycle":557,"s1":705,"s2":1.252328797461543,"failure":0}
{"cycle":558,"s1":684,"s2":1.9370506018306213,"failure":0}
{"cycle":559,"s1":712,"s2":0.6022776541734127,"failure":0}
{"cycle":560,"s1":664,"s2":1.7046222031513192,"failure":0}
{"cycle":561,"s1":708,"s2":0.42524013620817963,"failure":0}
{"cycle":562,"s1":654,"s2":0.87152572413233,"failure":0}
{"cycle":563,"s1":520,"s2":1.039217571921999,"failure":0}
{"cycle":564,"s1":707,"s2":1.2715413521541836,"failure":0}
{"cycle":565,"s1":723,"s2":0.5423122236446154,"failure":0}
{"cycle":566,"s1":598,"s2":1.7013963200225999,"failure":0}
{"cycle":567,"s1":568,"s2":1.1461511816213104,"failure":0}
{"cycle":568,"s1":739,"s2":1.158618734697628,"failure":0}
{"cycle":569,"s1":628,"s2":1.5396011253099193,"failure":0}
{"cycle":570,"s1":727,"s2":0.4729203016612332,"failure":0}
{"cycle":571,"s1":585,"s2":1.0378625771387429,"failure":0}
{"cycle":572,"s1":535,"s2":1.114455692685718,"failure":0}
{"cycle":573,"s1":503,"s2":1.2003502981522112,"failure":0}
{"cycle":574,"s1":517,"s2":0.8946587761418897,"failure":0}
{"cycle":575,"s1":564,"s2":0.7912249501027309,"failure":0}
{"cycle":576,"s1":511,"s2":1.863620372469122,"failure":0}
{"cycle":577,"s1":690,"s2":0.8233299997263744,"failure":0}
{"cycle":578,"s1":648,"s2":0.46240871422470836,"failure":0}
{"cycle":579,"s1":578,"s2":0.6173086559663181,"failure":0}
{"cycle":580,"s1":591,"s2":0.3648835481964143,"failure":0}
{"cycle":581,"s1":635,"s2":0.5095501565002656,"failure":0}
{"cycle":582,"s1":553,"s2":1.3658927542540187,"failure":0}
{"cycle":583,"s1":643,"s2":1.49029534055374,"failure":0}
{"cycle":584,"s1":591,"s2":0.610810326559775,"failure":0}
{"cycle":585,"s1":619,"s2":0.9578906283976394,"failure":0}
