{"cycle":555,"s1":711,"s2":1.0649439211838705,"failure":1}
{"cycle":556,"s1":827,"s2":1.801619343114051,"failure":1}
{"cycle":557,"s1":969,"s2":0.971113487208329,"failure":1}
{"cycle":558,"s1":513,"s2":0.8200901326387802,"failure":1}
{"cycle":559,"s1":563,"s2":0.6996589663611515,"failure":1}
{"cycle":560,"s1":906,"s2":0.8168354033860551,"failure":1}
{"cycle":561,"s1":669,"s2":0.5058564866626376,"failure":1}
{"cycle":562,"s1":989,"s2":2.129709916102498,"failure":1}
{"cycle":563,"s1":870,"s2":0.7613442721018139,"failure":1}
{"cycle":564,"s1":871,"s2":1.9830492296750322,"failure":1}
{"cycle":565,"s1":811,"s2":1.2509190161371744,"failure":1}
{"cycle":566,"s1":931,"s2":0.33097880117707046,"failure":1}
{"cycle":567,"s1":718,"s2":1.1060056372812337,"failure":1}
{"cycle":568,"s1":831,"s2":2.38908752304831,"failure":1}
{"cycle":569,"s1":837,"s2":1.2461796356792705,"failure":1}
{"cycle":570,"s1":967,"s2":0.7719748748319807,"failure":1}
{"cycle":571,"s1":771,"s2":0.5051766161041604,"failure":1}
{"cycle":572,"s1":911,"s2":0.31001387837496724,"failure":1}
{"cycle":573,"s1":890,"s2":1.1854350141735206,"failure":1}
{"cycle":574,"s1":960,"s2":1.1814210414776896,"failure":1}
{"cycle":575,"s1":632,"s2":0.7927987660583222,"failure":1}
{"cycle":576,"s1":849,"s2":1.430867298788106,"failure":1}
{"cycle":577,"s1":521,"s2":1.578755128463032,"failure":1}
{"cycle":578,"s1":645,"s2":1.2186904659788491,"failure":1}
{"cycle":579,"s1":814,"s2":0.3561021534142915,"failure":1}
{"cycle":580,"s1":510,"s2":0.8809443404129433,"failure":1}
{"cycle":581,"s1":885,"s2":1.0522765455227188,"failure":1}
{"cycle":582,"s1":677,"s2":1.5822509424433762,"failure":1}
{"cycle":583,"s1":617,"s2":0.5226051573884722,"failure":1}
{"cycle":584,"s1":571,"s2":1.304939416203171,"failure":1}
{"cycle":585,"s1":513,"s2":1.1593047622773365,"failure":1}
{"cycle":586,"s1":703,"s2":0.638588487318466,"failure":1}
{"cycle":587,"s1":578,"s2":1.0032047803712858,"failure":1}
{"cycle":588,"s1":900,"s2":1.1410034690697175,"failure":1}
{"cycle":589,"s1":638,"s2":1.0027726530657701,"failure":1}
{"cycle":590,"s1":722,"s2":0.48554691634887454,"failure":1}
{"cycle":591,"s1":644,"s2":1.7412938150728081,"failure":1}
{"cycle":592,"s1":709,"s2":1.0698059835220672,"failure":1}
{"cycle":593,"s1":775,"s2":1.4343812656954396,"failure":1}
{"cycle":594,"s1":671,"s2":1.669927472179192,"failure":1}
{"cycle":595,"s1":787,"s2":1.5565266999875944,"failure":1}
{"cycle":596,"s1":890,"s2":0.9065124714085556,"failure":1}
{"cycle":597,"s1":964,"s2":0.4795133776286763,"failure":1}
{"cycle":598,"s1":758,"s2":1.35116721949561,"failure":1}
{"cycle":599,"s1":970,"s2":1.8278628948793199,"failure":1}
{"cycle":600,"s1":800,"s2":0.7073952798196881,"failure":1}
{"cycle":601,"s1":864,"s2":0.2595811391270314,"failure":1}
{"cycle":602,"s1":814,"s2":1.3970620360832213,"failure":1}
{"cycle":603,"s1":821,"s2":0.283510209764091,"failure":1}
{"cycle":604,"s1":715,"s2":0.6244667065027312,"failure":1}
{"cycle":605,"s1":655,"s2":0.3589567640390473,"failure":1}
{"cycle":606,"s1":806,"s2":0.8009021231353115,"failure":1}
{"cycle":607,"s1":994,"s2":0.9882650997011473,"failure":1}
{"cycle":608,"s1":645,"s2":0.5564255421111625,"failure":1}
{"cycle":609,"s1":523,"s2":0.44150528919433746,"failure":1}
