{"cycle":454,"s1":575,"s2":1.2921672502617148,"failure":0}
{"cycle":455,"s1":570,"s2":1.4864214479938704,"failure":0}
{"cycle":456,"s1":554,"s2":0.7742913874877642,"failure":0}
{"cycle":457,"s1":727,"s2":0.8475638220620574,"failure":0}
{"cycle":458,"s1":553,"s2":1.0580830337476597,"failure":0}
{"cycle":459,"s1":561,"s2":0.5848647247864514,"failure":0}
{"cycle":460,"s1":600,"s2":0.9522415353641491,"failure":0}
{"cycle":461,"s1":709,"s2":1.0486722254726373,"failure":0}
{"cycle":462,"s1":577,"s2":1.6125493634241732,"failure":0}
{"cycle":463,"s1":570,"s2":1.8009528112298359,"failure":0}
{"cycle":464,"s1":574,"s2":1.769821643551738,"failure":0}
{"cycle":465,"s1":610,"s2":1.1054871390522423,"failure":0}
{"cycle":466,"s1":739,"s2":0.24904001815471433,"failure":0}
{"cycle":467,"s1":534,"s2":0.8182041760122016,"failure":0}
{"cycle":468,"s1":721,"s2":1.2699824552163614,"failure":0}
{"cycle":469,"s1":567,"s2":0.8018807966426221,"failure":0}
{"cycle":470,"s1":632,"s2":0.4491136349621444,"failure":0}
{"cycle":471,"s1":564,"s2":0.7050397364670828,"failure":0}
{"cycle":472,"s1":621,"s2":1.1433692487311347,"failure":0}
{"cycle":473,"s1":737,"s2":0.7246027687385419,"failure":0}
{"cycle":474,"s1":517,"s2":1.2359013173113906,"failure":0}
{"cycle":475,"s1":698,"s2":0.9091970141143252,"failure":0}
{"cycle":476,"s1":722,"s2":1.723624252222438,"failure":0}
{"cycle":477,"s1":738,"s2":1.0944558698747016,"failure":0}
{"cycle":478,"s1":514,"s2":0.42992657443772886,"failure":0}
{"cycle":479,"s1":644,"s2":0.7243491601637955,"failure":0}
{"cycle":480,"s1":710,"s2":1.4447975796074481,"failure":0}
{"cycle":481,"s1":613,"s2":0.41461649236235676,"failure":0}
{"cycle":482,"s1":503,"s2":0.8426317098263973,"failure":0}
{"cycle":483,"s1":685,"s2":0.6512495697050056,"failure":0}
{"cycle":484,"s1":709,"s2":0.8730790714026441,"failure":0}
{"cycle":485,"s1":715,"s2":1.1835646525893648,"failure":0}
{"cycle":486,"s1":671,"s2":0.4859180087390171,"failure":0}
{"cycle":487,"s1":609,"s2":0.8489075101970028,"failure":0}
{"cycle":488,"s1":508,"s2":0.7885176478612844,"failure":0}
{"cycle":489,"s1":625,"s2":0.5806696672838063,"failure":0}
{"cycle":490,"s1":686,"s2":0.8009019170179179,"failure":0}
{"cycle":491,"s1":508,"s2":1.7760461492845576,"failure":0}
{"cycle":492,"s1":547,"s2":0.5601628229477447,"failure":0}
{"cycle":493,"s1":628,"s2":0.7483006795076268,"failure":0}
{"cycle":494,"s1":532,"s2":1.6415497902895833,"failure":0}
{"cycle":495,"s1":699,"s2":0.46870365813485193,"failure":0}
{"cycle":496,"s1":543,"s2":0.5910998484157577,"failure":0}
{"cycle":497,"s1":684,"s2":0.5073915987985234,"failure":0}
{"cycle":498,"s1":539,"s2":0.6988945394069629,"failure":0}
{"cycle":499,"s1":747,"s2":1.2929443906826552,"failure":0}
{"cycle":500,"s1":523,"s2":1.835030452455144,"failure":0}
{"cycle":501,"s1":592,"s2":0.607416628030969,"failure":0}
{"cycle":502,"s1":661,"s2":0.3882607895222622,"failure":0}
{"cycle":503,"s1":529,"s2":0.9468495445913391,"failure":0}
{"cycle":504,"s1":693,"s2":1.180453041537777,"failure":0}
{"cycle":505,"s1":709,"s2":0.8228410752600952,"failure":0}
{"cycle":506,"s1":714,"s2":0.47548874746377995,"failure":0}
{"cycle":507,"s1":639,"s2":1.702668644582517,"failure":0}
{"cycle":508,"s1":704,"s2":0.9749325975100078,"failure":0}
{"cycle":509,"s1":543,"s2":0.9267582178296108,"failure":0}
{"cycle":510,"s1":527,"s2":1.427430073727965,"failure":0}
{"cycle":511,"s1":500,"s2":0.9343435686591933,"failure":0}
{"cycle":512,"s1":523,"s2":1.2538961197075065,"failure":0}
{"cycle":513,"s1":512,"s2":1.5027322523920776,"failure":0}
{"cycle":514,"s1":605,"s2":1.4340200100824785,"failure":0}
{"cycle":515,"s1":550,"s2":2.1734493749880834,"failure":0}
{"cycle":516,"s1":664,"s2":0.7816922232222604,"failure":0}
{"cycle":517,"s1":525,"s2":1.1539926660215336,"failure":0}
{"cycle":518,"s1":529,"s2":0.8761730773349712,"failure":0}
{"cycle":519,"s1":721,"s2":1.4732618457972595,"failure":0}
{"cycle":520,"s1":533,"s2":0.5157024163334241,"failure":0}
{"cycle":521,"s1":603,"s2":1.1185222232283585,"failure":0}
{"cycle":522,"s1":649,"s2":0.803478448495472,"failure":0}
{"cycle":523,"s1":578,"s2":1.364494276817461,"failure":0}
{"cycle":524,"s1":642,"s2":0.779747584393703,"failure":0}
{"cycle":525,"s1":542,"s2":0.8164472469231896,"failure":0}
{"cycle":526,"s1":685,"s2":0.3742340738550413,"failure":0}
{"cycle":527,"s1":582,"s2":1.356539087723636,"failure":0}
{"cycle":528,"s1":504,"s2":0.4666835118232645,"failure":0}
{"cycle":529,"s1":511,"s2":0.281700689520143,"failure":0}
{"cycle":530,"s1":626,"s2":1.0428867158212947,"failure":0}
{"cycle":531,"s1":656,"s2":0.5759842298836475,"failure":0}
{"cycle":532,"s1":730,"s2":0.9555038752247558,"failure":0}
{"cycle":533,"s1":564,"s2":0.6194146029884925,"failure":0}
{"cycle":534,"s1":639,"s2":0.8671720263769236,"failure":0}
{"cycle":535,"s1":681,"s2":0.9963664741804035,"failure":0}
{"cycle":536,"s1":581,"s2":1.1204447135110478,"failure":0}
{"cycle":537,"s1":720,"s2":1.038108269486717,"failure":0}
{"cycle":538,"s1":707,"s2":0.9712305703839492,"failure":0}
{"cycle":539,"s1":653,"s2":0.4860299994822734,"failure":0}
{"cycle":540,"s1":682,"s2":0.5439687139012844,"failure":0}
{"cycle":541,"s1":517,"s2":0.7297550334551256,"failure":0}
{"cycle":542,"s1":738,"s2":0.7376619167381583,"failure":0}
{"cycle":543,"s1":579,"s2":1.5771246410704243,"failure":0}
{"cycle":544,"s1":640,"s2":0.690498093948409,"failure":0}
{"cycle":545,"s1":524,"s2":1.5755241214007547,"failure":0}
{"cycle":546,"s1":512,"s2":0.7039135326343573,"failure":0}
{"cycle":547,"s1":659,"s2":2.0232845514921003,"failure":0}
{"cycle":548,"s1":513,"s2":0.8371085078937817,"failure":0}
{"cycle":549,"s1":735,"s2":0.5508296209994374,"failure":0}
{"cycle":550,"s1":643,"s2":0.8643470775081743,"failure":0}
{"cycle":551,"s1":705,"s2":0.8484721131999372,"failure":0}
{"cycle":552,"s1":582,"s2":0.4358591753172357,"failure":0}
{"cycle":553,"s1":622,"s2":0.8928994331247306,"failure":0}
{"cycle":554,"s1":583,"s2":1.565225951049439,"failure":0}
