{"cycle":636,"s1":867,"s2":0.8351179335917196,"failure":1}
{"cycle":637,"s1":626,"s2":0.43210559449229746,"failure":1}
{"cycle":638,"s1":874,"s2":1.6105992115528138,"failure":1}
{"cycle":639,"s1":536,"s2":1.1539820686967914,"failure":1}
{"cycle":640,"s1":998,"s2":1.6963561897737442,"failure":1}
{"cycle":641,"s1":851,"s2":0.9438140016370301,"failure":1}
{"cycle":642,"s1":732,"s2":0.49837701807359247,"failure":1}
{"cycle":643,"s1":818,"s2":0.7309426494400599,"failure":1}
{"cycle":644,"s1":823,"s2":0.26366112853896395,"failure":1}
{"cycle":645,"s1":815,"s2":1.0974907795706104,"failure":1}
{"cycle":646,"s1":711,"s2":1.6049049189364084,"failure":1}
{"cycle":647,"s1":726,"s2":0.8577178494319085,"failure":1}
{"cycle":648,"s1":876,"s2":0.9114953547625733,"failure":1}
{"cycle":649,"s1":701,"s2":0.9711259003279066,"failure":1}
{"cycle":650,"s1":681,"s2":1.6710935306971215,"failure":1}
{"cycle":651,"s1":712,"s2":0.931069346357529,"failure":1}
{"cycle":652,"s1":642,"s2":0.6116089009732417,"failure":1}
{"cycle":653,"s1":750,"s2":0.9164128568048728,"failure":1}
{"cycle":654,"s1":774,"s2":1.0868589502300563,"failure":1}
{"cycle":655,"s1":992,"s2":1.125980022807333,"failure":1}
{"cycle":656,"s1":668,"s2":0.7043987000730778,"failure":1}
{"cycle":657,"s1":501,"s2":0.7658926318112974,"failure":1}
{"cycle":658,"s1":965,"s2":1.2257546155651693,"failure":1}
{"cycle":659,"s1":683,"s2":0.7123548978564421,"failure":1}
{"cycle":660,"s1":842,"s2":1.0648655183527276,"failure":1}
{"cycle":661,"s1":660,"s2":0.9571069562993347,"failure":1}
{"cycle":662,"s1":744,"s2":0.6281010854791074,"failure":1}
{"cycle":663,"s1":802,"s2":0.5825679687255128,"failure":1}
{"cycle":664,"s1":762,"s2":0.2699718886102561,"failure":1}
{"cycle":665,"s1":930,"s2":1.0558541620425774,"failure":1}
{"cycle":666,"s1":589,"s2":0.8180279439630198,"failure":1}
{"cycle":667,"s1":804,"s2":0.6722781355621952,"failure":1}
{"cycle":668,"s1":812,"s2":1.1793978236858347,"failure":1}
{"cycle":669,"s1":805,"s2":0.6224036238724219,"failure":1}
{"cycle":670,"s1":739,"s2":0.2762551123379386,"failure":1}
{"cycle":671,"s1":821,"s2":1.057033184769428,"failure":1}
{"cycle":672,"s1":639,"s2":0.5684914781887958,"failure":1}
{"cycle":673,"s1":531,"s2":0.9810657792401958,"failure":1}
{"cycle":674,"s1":550,"s2":2.200907357104468,"failure":1}
{"cycle":675,"s1":666,"s2":1.7963821676856029,"failure":1}
{"cycle":676,"s1":714,"s2":0.9296639899080199,"failure":1}
{"cycle":677,"s1":929,"s2":1.2438801331331943,"failure":1}
{"cycle":678,"s1":556,"s2":1.6396705050379814,"failure":1}
{"cycle":679,"s1":740,"s2":0.5599074386232809,"failure":1}
{"cycle":680,"s1":718,"s2":0.5863217130638267,"failure":1}
{"cycle":681,"s1":991,"s2":1.020930109347333,"failure":1}
{"cycle":682,"s1":663,"s2":0.8883730737801694,"failure":1}
{"cycle":683,"s1":722,"s2":0.85128500104803,"failure":1}
{"cycle":684,"s1":813,"s2":1.2305833956909633,"failure":1}
{"cycle":685,"s1":592,"s2":1.2588912148916718,"failure":1}
{"cycle":686,"s1":586,"s2":1.5752663607509065,"failure":1}
{"cycle":687,"s1":514,"s2":0.25568841498320866,"failure":1}
{"cycle":688,"s1":857,"s2":1.3645569707623015,"failure":1}
{"cycle":689,"s1":753,"s2":0.5645530372434655,"failure":1}
