{"cycle":532,"s1":749,"s2":0.666982315893009,"failure":0}
{"cycle":533,"s1":653,"s2":1.2269934848907804,"failure":0}
{"cycle":534,"s1":658,"s2":0.6500455242994694,"failure":0}
{"cycle":535,"s1":576,"s2":0.28165650873635195,"failure":0}
{"cycle":536,"s1":644,"s2":1.6158659489582572,"failure":0}
{"cycle":537,"s1":611,"s2":1.94356657855301,"failure":0}
{"cycle":538,"s1":505,"s2":0.45440989874964355,"failure":0}
{"cycle":539,"s1":611,"s2":0.6274215114887761,"failure":0}
{"cycle":540,"s1":672,"s2":0.6038868016544877,"failure":0}
{"cycle":541,"s1":558,"s2":0.7551863389621944,"failure":0}
{"cycle":542,"s1":678,"s2":1.0270021147651245,"failure":0}
{"cycle":543,"s1":719,"s2":0.3279051022720596,"failure":0}
{"cycle":544,"s1":553,"s2":0.8448319659958983,"failure":0}
{"cycle":545,"s1":631,"s2":1.1086451678177682,"failure":0}
{"cycle":546,"s1":691,"s2":1.0262554023959856,"failure":0}
{"cycle":547,"s1":686,"s2":0.6573574888656599,"failure":0}
{"cycle":548,"s1":743,"s2":0.8097780979549876,"failure":0}
{"cycle":549,"s1":600,"s2":1.1491877690298011,"failure":0}
{"cycle":550,"s1":576,"s2":1.1692645773431851,"failure":0}
{"cycle":551,"s1":525,"s2":2.1431563440697494,"failure":0}
{"cycle":552,"s1":622,"s2":0.4369000392237119,"failure":0}
{"cycle":553,"s1":529,"s2":0.932148544544005,"failure":0}
{"cycle":554,"s1":553,"s2":0.7080890049769293,"failure":0}
{"cycle":555,"s1":682,"s2":0.6197037318454852,"failure":0}
{"cycle":556,"s1":610,"s2":0.6842821951998009,"failure":0}
{"cycle":557,"s1":651,"s2":1.0511536099622187,"failure":0}
{"cycle":558,"s1":589,"s2":0.8057280429289566,"failure":0}
{"cycle":559,"s1":569,"s2":0.8182082154284283,"failure":0}
{"cycle":560,"s1":573,"s2":0.7986446697795433,"failure":0}
{"cycle":561,"s1":525,"s2":1.3709965739472267,"failure":0}
{"cycle":562,"s1":574,"s2":0.37174597140968946,"failure":0}
{"cycle":563,"s1":714,"s2":1.7486335605147818,"failure":0}
{"cycle":564,"s1":732,"s2":0.7623802960877591,"failure":0}
{"cycle":565,"s1":511,"s2":0.7622352959953524,"failure":0}
{"cycle":566,"s1":593,"s2":1.2122678999324337,"failure":0}
{"cycle":567,"s1":679,"s2":1.0050482395192266,"failure":0}
{"cycle":568,"s1":511,"s2":0.9527551323768277,"failure":0}
{"cycle":569,"s1":709,"s2":0.7673840968397041,"failure":0}
{"cycle":570,"s1":501,"s2":1.250904596428526,"failure":0}
{"cycle":571,"s1":592,"s2":1.46933633584657,"failure":0}
{"cycle":572,"s1":682,"s2":1.3810639536678369,"failure":0}
{"cycle":573,"s1":689,"s2":1.0664076485344727,"failure":0}
{"cycle":574,"s1":554,"s2":0.40093337715826527,"failure":0}
{"cycle":575,"s1":650,"s2":1.0391715408874327,"failure":0}
{"cycle":576,"s1":646,"s2":1.3176845925772689,"failure":0}
{"cycle":577,"s1":599,"s2":1.2334976964516469,"failure":0}
{"cycle":578,"s1":672,"s2":1.8008537663193098,"failure":0}
{"cycle":579,"s1":595,"s2":1.7496091112495253,"failure":0}
{"cycle":580,"s1":656,"s2":0.8427655025636458,"failure":0}
{"cycle":581,"s1":736,"s2":1.355516536547388,"failure":0}
{"cycle":582,"s1":703,"s2":1.2015471088440455,"failure":0}
{"cycle":583,"s1":602,"s2":0.9401507247219394,"failure":0}
{"cycle":584,"s1":569,"s2":1.9004056652647487,"failure":0}
{"cycle":585,"s1":713,"s2":1.2171809910851294,"failure":0}
{"cycle":586,"s1":682,"s2":0.6277227471976473,"failure":0}
{"cycle":587,"s1":656,"s2":0.41185133263909063,"failure":0}
{"cycle":588,"s1":667,"s2":0.7298322176003936,"failure":0}
{"cycle":589,"s1":748,"s2":1.6525276319340172,"failure":0}
{"cycle":590,"s1":704,"s2":0.7209682500893019,"failure":0}
{"cycle":591,"s1":576,"s2":0.8223329748018038,"failure":0}
{"cycle":592,"s1":638,"s2":0.2944142012437616,"failure":0}
{"cycle":593,"s1":577,"s2":0.5225788074122832,"failure":0}
{"cycle":594,"s1":720,"s2":0.8675560017180821,"failure":0}
{"cycle":595,"s1":560,"s2":1.3742605241829713,"failure":0}
{"cycle":596,"s1":647,"s2":0.6566336743929603,"failure":0}
{"cycle":597,"s1":690,"s2":0.41162809179985455,"failure":0}
{"cycle":598,"s1":649,"s2":1.7483403157120416,"failure":0}
{"cycle":599,"s1":744,"s2":1.4030170259341355,"failure":0}
{"cycle":600,"s1":515,"s2":0.3793193998248845,"failure":0}
{"cycle":601,"s1":590,"s2":0.19541044816244493,"failure":0}
{"cycle":602,"s1":684,"s2":2.5481871069423603,"failure":0}
{"cycle":603,"s1":723,"s2":0.6534826979603376,"failure":0}
{"cycle":604,"s1":676,"s2":0.3447760929152117,"failure":0}
{"cycle":605,"s1":526,"s2":1.146274627423584,"failure":0}
{"cycle":606,"s1":627,"s2":1.10523989122512,"failure":0}
{"cycle":607,"s1":710,"s2":0.5165694757889704,"failure":0}
{"cycle":608,"s1":704,"s2":1.1832533269797432,"failure":0}
{"cycle":609,"s1":618,"s2":0.9181419575085114,"failure":0}
{"cycle":610,"s1":645,"s2":0.7755269905896952,"failure":0}
{"cycle":611,"s1":536,"s2":0.4690901372620907,"failure":0}
{"cycle":612,"s1":576,"s2":1.203639277239797,"failure":0}
{"cycle":613,"s1":705,"s2":1.0892577408040374,"failure":0}
{"cycle":614,"s1":540,"s2":1.1525210058917863,"failure":0}
{"cycle":615,"s1":736,"s2":1.248257926009022,"failure":0}
{"cycle":616,"s1":517,"s2":1.337754675788851,"failure":0}
{"cycle":617,"s1":669,"s2":0.7952769959492499,"failure":0}
{"cycle":618,"s1":640,"s2":0.5550067423268747,"failure":0}
{"cycle":619,"s1":715,"s2":1.0264493086623179,"failure":0}
{"cycle":620,"s1":602,"s2":0.7191661714638211,"failure":0}
{"cycle":621,"s1":502,"s2":0.755083093314015,"failure":0}
{"cycle":622,"s1":711,"s2":0.6496733721569768,"failure":0}
{"cycle":623,"s1":584,"s2":1.3084954159969038,"failure":0}
{"cycle":624,"s1":629,"s2":0.9560120429915047,"failure":0}
{"cycle":625,"s1":687,"s2":1.428573348662559,"failure":0}
{"cycle":626,"s1":618,"s2":0.26324978372417107,"failure":0}
{"cycle":627,"s1":635,"s2":0.6831852358896022,"failure":0}
{"cycle":628,"s1":674,"s2":1.276892797882714,"failure":0}
{"cycle":629,"s1":721,"s2":0.8132749476149901,"failure":0}
{"cycle":630,"s1":505,"s2":0.7625237743077843,"failure":0}
{"cycle":631,"s1":596,"s2":0.28615769389541335,"failure":0}
{"cycle":632,"s1":712,"s2":1.5258743778255566,"failure":0}
{"cycle":633,"s1":546,"s2":0.3281136891664934,"failure":0}
{"cycle":634,"s1":693,"s2":0.953394351917286,"failure":0}
{"cycle":635,"s1":570,"s2":1.4287385202676632,"failure":0}
