{"cycle":450,"s1":670,"s2":2.6349068571613716,"failure":0}
{"cycle":451,"s1":525,"s2":0.7391074630293898,"failure":0}
{"cycle":452,"s1":520,"s2":0.5163993635455549,"failure":0}
{"cycle":453,"s1":551,"s2":0.7539932238128679,"failure":0}
{"cycle":454,"s1":546,"s2":0.7370854703257186,"failure":0}
{"cycle":455,"s1":515,"s2":1.9865276971764483,"failure":0}
{"cycle":456,"s1":630,"s2":0.34108149706227964,"failure":0}
{"cycle":457,"s1":713,"s2":0.9014227032728181,"failure":0}
{"cycle":458,"s1":588,"s2":0.641699290726937,"failure":0}
{"cycle":459,"s1":722,"s2":0.736781755381426,"failure":0}
{"cycle":460,"s1":639,"s2":0.9880939241437856,"failure":0}
{"cycle":461,"s1":590,"s2":1.3923066702225306,"failure":0}
{"cycle":462,"s1":536,"s2":1.2956467313346076,"failure":0}
{"cycle":463,"s1":528,"s2":0.5027758504533458,"failure":0}
{"cycle":464,"s1":556,"s2":0.9483734251548406,"failure":0}
{"cycle":465,"s1":651,"s2":1.2196320810965784,"failure":0}
{"cycle":466,"s1":595,"s2":1.7808771424904997,"failure":0}
{"cycle":467,"s1":558,"s2":0.7666209866024937,"failure":0}
{"cycle":468,"s1":660,"s2":0.7673731259229786,"failure":0}
{"cycle":469,"s1":568,"s2":1.2379546210102907,"failure":0}
{"cycle":470,"s1":588,"s2":1.351436100393423,"failure":0}
{"cycle":471,"s1":632,"s2":0.5633860613067925,"failure":0}
{"cycle":472,"s1":571,"s2":0.6279053831697935,"failure":0}
{"cycle":473,"s1":557,"s2":1.0913784709043264,"failure":0}
{"cycle":474,"s1":738,"s2":1.407271368438955,"failure":0}
{"cycle":475,"s1":702,"s2":1.0001514803074663,"failure":0}
{"cycle":476,"s1":520,"s2":3.5924742646904213,"failure":0}
{"cycle":477,"s1":540,"s2":1.354910438440509,"failure":0}
{"cycle":478,"s1":712,"s2":0.7391718577928648,"failure":0}
{"cycle":479,"s1":699,"s2":1.3568150893536894,"failure":0}
{"cycle":480,"s1":748,"s2":1.428888039338308,"failure":0}
{"cycle":481,"s1":718,"s2":1.9202050953327423,"failure":0}
{"cycle":482,"s1":530,"s2":1.1757352335999203,"failure":0}
{"cycle":483,"s1":553,"s2":0.724089352962569,"failure":0}
{"cycle":484,"s1":659,"s2":1.7727053975919151,"failure":0}
{"cycle":485,"s1":657,"s2":0.7172007365682672,"failure":0}
{"cycle":486,"s1":546,"s2":0.5307258149907176,"failure":0}
{"cycle":487,"s1":655,"s2":0.9747304465067126,"failure":0}
{"cycle":488,"s1":583,"s2":1.0041892882630434,"failure":0}
{"cycle":489,"s1":666,"s2":1.0040227560840047,"failure":0}
{"cycle":490,"s1":722,"s2":0.7041295839064052,"failure":0}
{"cycle":491,"s1":741,"s2":1.1672632200866289,"failure":0}
{"cycle":492,"s1":645,"s2":1.097777010372019,"failure":0}
{"cycle":493,"s1":549,"s2":0.618669237443922,"failure":0}
{"cycle":494,"s1":512,"s2":0.5927901994844851,"failure":0}
{"cycle":495,"s1":693,"s2":0.37027265918143404,"failure":0}
{"cycle":496,"s1":565,"s2":1.326289286956228,"failure":0}
{"cycle":497,"s1":529,"s2":1.417357610232677,"failure":0}
{"cycle":498,"s1":741,"s2":1.3173449365384537,"failure":0}
{"cycle":499,"s1":540,"s2":0.3282856674786513,"failure":0}
{"cycle":500,"s1":645,"s2":0.9109558737076181,"failure":0}
{"cycle":501,"s1":563,"s2":0.5259350847692816,"failure":0}
{"cycle":502,"s1":734,"s2":0.7610732926985709,"failure":0}
{"cycle":503,"s1":595,"s2":0.9312131459760226,"failure":0}
{"cycle":504,"s1":622,"s2":1.7024487484928947,"failure":0}
{"cycle":505,"s1":560,"s2":1.3963879130691605,"failure":0}
{"cycle":506,"s1":581,"s2":0.959536804083951,"failure":0}
{"cycle":507,"s1":583,"s2":1.2992025254259776,"failure":0}
{"cycle":508,"s1":501,"s2":0.8281842588396386,"failure":0}
{"cycle":509,"s1":524,"s2":0.8500303678656167,"failure":0}
{"cycle":510,"s1":704,"s2":1.1138566511544652,"failure":0}
{"cycle":511,"s1":649,"s2":0.6875630471117588,"failure":0}
{"cycle":512,"s1":566,"s2":0.863716488611115,"failure":0}
{"cycle":513,"s1":651,"s2":1.0587175464471454,"failure":0}
{"cycle":514,"s1":566,"s2":1.1858177642456196,"failure":0}
{"cycle":515,"s1":742,"s2":1.0973363048099445,"failure":0}
{"cycle":516,"s1":729,"s2":1.4245688821907982,"failure":0}
{"cycle":517,"s1":654,"s2":1.111635057910616,"failure":0}
{"cycle":518,"s1":569,"s2":1.7354698184699848,"failure":0}
{"cycle":519,"s1":546,"s2":0.5042284713854266,"failure":0}
{"cycle":520,"s1":662,"s2":1.6450669511839506,"failure":0}
{"cycle":521,"s1":546,"s2":1.0032751543485927,"failure":0}
{"cycle":522,"s1":568,"s2":0.958730888959489,"failure":0}
{"cycle":523,"s1":574,"s2":1.0766226118671811,"failure":0}
{"cycle":524,"s1":579,"s2":1.3787577866684004,"failure":0}
{"cycle":525,"s1":582,"s2":1.116658196217413,"failure":0}
{"cycle":526,"s1":524,"s2":0.7584925215223215,"failure":0}
{"cycle":527,"s1":738,"s2":0.6670157217057029,"failure":0}
{"cycle":528,"s1":728,"s2":0.6191240772065623,"failure":0}
{"cycle":529,"s1":587,"s2":1.0597720914021833,"failure":0}
{"cycle":530,"s1":709,"s2":1.2584030908413903,"failure":0}
{"cycle":531,"s1":689,"s2":1.942129408832343,"failure":0}
{"cycle":532,"s1":522,"s2":0.6905795255664688,"failure":0}
{"cycle":533,"s1":564,"s2":1.0877577529377933,"failure":0}
{"cycle":534,"s1":732,"s2":1.2929329034480985,"failure":0}
{"cycle":535,"s1":531,"s2":0.4201988365262735,"failure":0}
{"cycle":536,"s1":725,"s2":1.2761680365943984,"failure":0}
{"cycle":537,"s1":741,"s2":1.2412524690113245,"failure":0}
{"cycle":538,"s1":556,"s2":0.9324796146012051,"failure":0}
{"cycle":539,"s1":547,"s2":1.4440055888970325,"failure":0}
{"cycle":540,"s1":723,"s2":1.2513062153049899,"failure":0}
{"cycle":541,"s1":588,"s2":0.9236196717730001,"failure":0}
{"cycle":542,"s1":571,"s2":0.8905471004683069,"failure":0}
{"cycle":543,"s1":661,"s2":0.6818195003124587,"failure":0}
{"cycle":544,"s1":591,"s2":0.7443459816454274,"failure":0}
{"cycle":545,"s1":631,"s2":0.7552046043840688,"failure":0}
{"cycle":546,"s1":511,"s2":1.5629728210042582,"failure":0}
{"cycle":547,"s1":624,"s2":1.3919310537436842,"failure":0}
{"cycle":548,"s1":526,"s2":1.486495629064327,"failure":0}
{"cycle":549,"s1":746,"s2":1.398314047584488,"failure":0}
{"cycle":550,"s1":641,"s2":1.0041891770988607,"failure":0}
{"cycle":551,"s1":607,"s2":0.651437552250476,"failure":0}
{"cycle":552,"s1":633,"s2":0.5804545436736318,"failure":0}
