{"cycle":553,"s1":817,"s2":1.7479731700880436,"failure":1}
{"cycle":554,"s1":834,"s2":1.3621212460260286,"failure":1}
{"cycle":555,"s1":928,"s2":0.36235336111689465,"failure":1}
{"cycle":556,"s1":829,"s2":0.9027279973221992,"failure":1}
{"cycle":557,"s1":706,"s2":0.9243024947547394,"failure":1}
{"cycle":558,"s1":980,"s2":1.6081321702591818,"failure":1}
{"cycle":559,"s1":788,"s2":0.6378614368325942,"failure":1}
{"cycle":560,"s1":534,"s2":0.6768009515601914,"failure":1}
{"cycle":561,"s1":588,"s2":1.305622020441763,"failure":1}
{"cycle":562,"s1":600,"s2":1.2420401219589388,"failure":1}
{"cycle":563,"s1":688,"s2":0.5806495370401303,"failure":1}
{"cycle":564,"s1":545,"s2":0.9802252679186904,"failure":1}
{"cycle":565,"s1":858,"s2":1.6221916216560497,"failure":1}
{"cycle":566,"s1":530,"s2":1.2671839580523458,"failure":1}
{"cycle":567,"s1":929,"s2":0.872502457780843,"failure":1}
{"cycle":568,"s1":931,"s2":1.7292323426600276,"failure":1}
{"cycle":569,"s1":866,"s2":0.8881426286183819,"failure":1}
{"cycle":570,"s1":570,"s2":0.4163945350148265,"failure":1}
{"cycle":571,"s1":505,"s2":0.9031076505572699,"failure":1}
{"cycle":572,"s1":864,"s2":1.8832496906249048,"failure":1}
{"cycle":573,"s1":901,"s2":0.8219421070775251,"failure":1}
{"cycle":574,"s1":633,"s2":0.755329325354871,"failure":1}
{"cycle":575,"s1":717,"s2":0.8286433650526925,"failure":1}
{"cycle":576,"s1":832,"s2":0.8982564568374279,"failure":1}
{"cycle":577,"s1":534,"s2":1.3384536685941733,"failure":1}
{"cycle":578,"s1":689,"s2":0.5336730226629565,"failure":1}
{"cycle":579,"s1":971,"s2":0.6787106482390125,"failure":1}
{"cycle":580,"s1":958,"s2":1.0941453986167249,"failure":1}
{"cycle":581,"s1":558,"s2":1.0145895535574967,"failure":1}
{"cycle":582,"s1":580,"s2":0.6708840858778364,"failure":1}
{"cycle":583,"s1":601,"s2":0.8146177552888147,"failure":1}
{"cycle":584,"s1":899,"s2":0.8041588852537022,"failure":1}
{"cycle":585,"s1":618,"s2":0.9279115373214454,"failure":1}
{"cycle":586,"s1":853,"s2":1.576489314992609,"failure":1}
{"cycle":587,"s1":690,"s2":0.927638759022148,"failure":1}
{"cycle":588,"s1":637,"s2":0.6553891930458088,"failure":1}
{"cycle":589,"s1":777,"s2":1.6981238736775577,"failure":1}
{"cycle":590,"s1":847,"s2":0.4596680257835291,"failure":1}
{"cycle":591,"s1":531,"s2":1.647010218299949,"failure":1}
{"cycle":592,"s1":796,"s2":0.8832400480870115,"failure":1}
{"cycle":593,"s1":815,"s2":0.8676687140690913,"failure":1}
{"cycle":594,"s1":558,"s2":0.9444771987596765,"failure":1}
{"cycle":595,"s1":608,"s2":1.206552219700244,"failure":1}
{"cycle":596,"s1":867,"s2":1.155129335584165,"failure":1}
{"cycle":597,"s1":625,"s2":1.0206398459481703,"failure":1}
{"cycle":598,"s1":679,"s2":0.8292466416919776,"failure":1}
{"cycle":599,"s1":680,"s2":1.0141508699727324,"failure":1}
{"cycle":600,"s1":878,"s2":1.2406272726040113,"failure":1}
{"cycle":601,"s1":595,"s2":1.150363983938234,"failure":1}
{"cycle":602,"s1":814,"s2":1.6037729988792155,"failure":1}
{"cycle":603,"s1":755,"s2":1.3126462827115037,"failure":1}
{"cycle":604,"s1":974,"s2":1.5043935638823784,"failure":1}
{"cycle":605,"s1":575,"s2":0.9616896587152596,"failure":1}
{"cycle":606,"s1":773,"s2":1.3469318000692447,"failure":1}
{"cycle":607,"s1":812,"s2":0.7044758870121768,"failure":1}
{"cycle":608,"s1":643,"s2":1.8317221687442486,"failure":1}
