{"cycle":575,"s1":694,"s2":0.9017355410242283,"failure":1}
{"cycle":576,"s1":523,"s2":0.5953827038715918,"failure":1}
{"cycle":577,"s1":772,"s2":0.5797611594884999,"failure":1}
{"cycle":578,"s1":703,"s2":0.8457623106359614,"failure":1}
{"cycle":579,"s1":802,"s2":0.7664486962000778,"failure":1}
{"cycle":580,"s1":518,"s2":1.321602536219045,"failure":1}
{"cycle":581,"s1":951,"s2":0.8928930196923872,"failure":1}
{"cycle":582,"s1":505,"s2":2.206700736585442,"failure":1}
{"cycle":583,"s1":753,"s2":0.564372264549949,"failure":1}
{"cycle":584,"s1":852,"s2":1.1025021648068387,"failure":1}
{"cycle":585,"s1":869,"s2":0.8141868538944184,"failure":1}
{"cycle":586,"s1":646,"s2":0.8308623008846056,"failure":1}
{"cycle":587,"s1":969,"s2":0.7614342898339441,"failure":1}
{"cycle":588,"s1":841,"s2":0.4926795759249158,"failure":1}
{"cycle":589,"s1":895,"s2":1.1695280827841956,"failure":1}
{"cycle":590,"s1":862,"s2":1.1055332979168453,"failure":1}
{"cycle":591,"s1":872,"s2":0.5771587592621341,"failure":1}
{"cycle":592,"s1":692,"s2":0.525593450774676,"failure":1}
{"cycle":593,"s1":958,"s2":1.509500393323205,"failure":1}
{"cycle":594,"s1":795,"s2":1.1750783425107811,"failure":1}
{"cycle":595,"s1":717,"s2":0.5865581355613515,"failure":1}
{"cycle":596,"s1":749,"s2":1.1199288953777775,"failure":1}
{"cycle":597,"s1":932,"s2":0.3728358595350182,"failure":1}
{"cycle":598,"s1":610,"s2":0.3730747117601486,"failure":1}
{"cycle":599,"s1":955,"s2":2.095098150015202,"failure":1}
{"cycle":600,"s1":501,"s2":1.6356855329944273,"failure":1}
{"cycle":601,"s1":680,"s2":0.19485270279202968,"failure":1}
{"cycle":602,"s1":966,"s2":0.4112310430081484,"failure":1}
{"cycle":603,"s1":824,"s2":1.6939888222272284,"failure":1}
{"cycle":604,"s1":968,"s2":0.6852494184866258,"failure":1}
{"cycle":605,"s1":869,"s2":0.793594911265991,"failure":1}
{"cycle":606,"s1":506,"s2":0.14866123986803187,"failure":1}
{"cycle":607,"s1":835,"s2":0.7373793004117044,"failure":1}
{"cycle":608,"s1":925,"s2":1.367913347690142,"failure":1}
{"cycle":609,"s1":712,"s2":0.927174269471276,"failure":1}
{"cycle":610,"s1":561,"s2":1.295010744576073,"failure":1}
{"cycle":611,"s1":889,"s2":1.2178867094640287,"failure":1}
{"cycle":612,"s1":883,"s2":0.3843397519717987,"failure":1}
{"cycle":613,"s1":592,"s2":0.5090987075092107,"failure":1}
{"cycle":614,"s1":682,"s2":1.5532092115258096,"failure":1}
{"cycle":615,"s1":803,"s2":0.9627062389419787,"failure":1}
{"cycle":616,"s1":654,"s2":2.336047117294029,"failure":1}
{"cycle":617,"s1":654,"s2":0.49486316151804743,"failure":1}
{"cycle":618,"s1":662,"s2":1.9383668959953884,"failure":1}
{"cycle":619,"s1":688,"s2":1.1368781515991588,"failure":1}
{"cycle":620,"s1":588,"s2":1.3561155242926108,"failure":1}
{"cycle":621,"s1":683,"s2":0.900921471393082,"failure":1}
{"cycle":622,"s1":935,"s2":0.8315210207617945,"failure":1}
{"cycle":623,"s1":897,"s2":1.651663200414152,"failure":1}
{"cycle":624,"s1":753,"s2":0.28620732966987206,"failure":1}
{"cycle":625,"s1":684,"s2":1.4097846752944354,"failure":1}
{"cycle":626,"s1":717,"s2":0.91668728834424,"failure":1}
{"cycle":627,"s1":822,"s2":0.36720285100138056,"failure":1}
{"cycle":628,"s1":793,"s2":0.9847594697909411,"failure":1}
{"cycle":629,"s1":623,"s2":0.664538133788081,"failure":1}
{"cycle":630,"s1":848,"s2":1.4138748856190217,"failure":1}
{"cycle":631,"s1":958,"s2":1.2590147892227361,"failure":1}
{"cycle":632,"s1":996,"s2":1.3071325442902517,"failure":1}
