{"cycle":472,"s1":608,"s2":1.4296642583974877,"failure":0}
{"cycle":473,"s1":699,"s2":1.1081318310530155,"failure":0}
{"cycle":474,"s1":624,"s2":0.934628502683052,"failure":0}
{"cycle":475,"s1":500,"s2":1.2173656319391095,"failure":0}
{"cycle":476,"s1":707,"s2":1.1694424560030632,"failure":0}
{"cycle":477,"s1":556,"s2":0.6481347490560327,"failure":0}
{"cycle":478,"s1":554,"s2":0.8793038483306196,"failure":0}
{"cycle":479,"s1":517,"s2":0.9806746896898832,"failure":0}
{"cycle":480,"s1":551,"s2":1.107703918835898,"failure":0}
{"cycle":481,"s1":506,"s2":0.8953898811209922,"failure":0}
{"cycle":482,"s1":632,"s2":0.5949786767317287,"failure":0}
{"cycle":483,"s1":639,"s2":0.7067777900730021,"failure":0}
{"cycle":484,"s1":681,"s2":0.789153461047109,"failure":0}
{"cycle":485,"s1":729,"s2":1.1963845516080323,"failure":0}
{"cycle":486,"s1":555,"s2":0.9081308208984794,"failure":0}
{"cycle":487,"s1":603,"s2":0.5592047905539099,"failure":0}
{"cycle":488,"s1":662,"s2":1.3943406708793424,"failure":0}
{"cycle":489,"s1":723,"s2":1.3809374701182326,"failure":0}
{"cycle":490,"s1":551,"s2":0.6102857662085153,"failure":0}
{"cycle":491,"s1":713,"s2":1.7186187839391511,"failure":0}
{"cycle":492,"s1":667,"s2":0.8862022409027267,"failure":0}
{"cycle":493,"s1":515,"s2":0.409834960425448,"failure":0}
{"cycle":494,"s1":677,"s2":0.6695563508620079,"failure":0}
{"cycle":495,"s1":740,"s2":1.3465534612722458,"failure":0}
{"cycle":496,"s1":581,"s2":0.7400814356130191,"failure":0}
{"cycle":497,"s1":553,"s2":0.928185060132517,"failure":0}
{"cycle":498,"s1":591,"s2":1.785709957546781,"failure":0}
{"cycle":499,"s1":670,"s2":0.815350864910117,"failure":0}
{"cycle":500,"s1":528,"s2":0.30896609539395753,"failure":0}
{"cycle":501,"s1":504,"s2":0.497721062675904,"failure":0}
{"cycle":502,"s1":651,"s2":0.5522411339458901,"failure":0}
{"cycle":503,"s1":543,"s2":1.179677887484614,"failure":0}
{"cycle":504,"s1":570,"s2":1.13174554705198,"failure":0}
{"cycle":505,"s1":686,"s2":0.7845918310807656,"failure":0}
{"cycle":506,"s1":671,"s2":0.957620186265841,"failure":0}
{"cycle":507,"s1":510,"s2":1.5359272254057936,"failure":0}
{"cycle":508,"s1":552,"s2":0.39521752103863583,"failure":0}
{"cycle":509,"s1":617,"s2":2.1503627388944997,"failure":0}
{"cycle":510,"s1":637,"s2":0.7350314159707324,"failure":0}
{"cycle":511,"s1":534,"s2":0.8296719482026649,"failure":0}
{"cycle":512,"s1":623,"s2":0.5616315595524438,"failure":0}
{"cycle":513,"s1":683,"s2":2.3569966051150453,"failure":0}
{"cycle":514,"s1":588,"s2":1.2981352127936079,"failure":0}
{"cycle":515,"s1":519,"s2":1.136323584558295,"failure":0}
{"cycle":516,"s1":553,"s2":2.0604067957048566,"failure":0}
{"cycle":517,"s1":721,"s2":1.678188577050264,"failure":0}
{"cycle":518,"s1":676,"s2":0.98850773959163,"failure":0}
{"cycle":519,"s1":568,"s2":0.6368939985321345,"failure":0}
{"cycle":520,"s1":653,"s2":1.264880497624017,"failure":0}
{"cycle":521,"s1":709,"s2":1.8495093526013524,"failure":0}
{"cycle":522,"s1":549,"s2":1.148488847331218,"failure":0}
{"cycle":523,"s1":730,"s2":1.8824456347733918,"failure":0}
{"cycle":524,"s1":723,"s2":0.8524748637933024,"failure":0}
{"cycle":525,"s1":542,"s2":0.3639832402850089,"failure":0}
{"cycle":526,"s1":549,"s2":0.32101779453337753,"failure":0}
{"cycle":527,"s1":722,"s2":0.30902051971147965,"failure":0}
{"cycle":528,"s1":742,"s2":1.106634945393869,"failure":0}
{"cycle":529,"s1":625,"s2":0.5946592840035397,"failure":0}
{"cycle":530,"s1":530,"s2":0.8711287428428207,"failure":0}
{"cycle":531,"s1":656,"s2":0.9663953477513779,"failure":0}
{"cycle":532,"s1":742,"s2":0.8963725782481277,"failure":0}
{"cycle":533,"s1":552,"s2":0.9392161601394141,"failure":0}
{"cycle":534,"s1":627,"s2":0.643964299200563,"failure":0}
{"cycle":535,"s1":504,"s2":0.833641513795596,"failure":0}
{"cycle":536,"s1":621,"s2":1.0610493607218494,"failure":0}
{"cycle":537,"s1":726,"s2":2.274136554378438,"failure":0}
{"cycle":538,"s1":589,"s2":0.7192561553411537,"failure":0}
{"cycle":539,"s1":608,"s2":2.240213438022706,"failure":0}
{"cycle":540,"s1":586,"s2":0.29970768130715053,"failure":0}
{"cycle":541,"s1":527,"s2":0.7155517179504184,"failure":0}
{"cycle":542,"s1":609,"s2":0.8309422283844,"failure":0}
{"cycle":543,"s1":627,"s2":0.48972505224441587,"failure":0}
{"cycle":544,"s1":716,"s2":0.6651955910236622,"failure":0}
{"cycle":545,"s1":670,"s2":0.5001117721272093,"failure":0}
{"cycle":546,"s1":635,"s2":1.512124960896237,"failure":0}
{"cycle":547,"s1":595,"s2":0.6631132258704311,"failure":0}
{"cycle":548,"s1":558,"s2":0.804465386039713,"failure":0}
{"cycle":549,"s1":655,"s2":1.2103287074717346,"failure":0}
{"cycle":550,"s1":537,"s2":0.7540855975412403,"failure":0}
{"cycle":551,"s1":636,"s2":0.3721209341043537,"failure":0}
{"cycle":552,"s1":561,"s2":1.3318572500334187,"failure":0}
{"cycle":553,"s1":527,"s2":0.5749679388805448,"failure":0}
{"cycle":554,"s1":504,"s2":0.8060024648720049,"failure":0}
{"cycle":555,"s1":712,"s2":0.518973814764847,"failure":0}
{"cycle":556,"s1":637,"s2":0.9299410009788275,"failure":0}
{"cycle":557,"s1":698,"s2":0.9961465062233102,"failure":0}
{"cycle":558,"s1":748,"s2":0.6960038104448403,"failure":0}
{"cycle":559,"s1":639,"s2":1.2974804449613115,"failure":0}
{"cycle":560,"s1":576,"s2":1.749562638721366,"failure":0}
{"cycle":561,"s1":562,"s2":1.4315562764305805,"failure":0}
{"cycle":562,"s1":526,"s2":1.6785595296933953,"failure":0}
{"cycle":563,"s1":577,"s2":1.145068316129528,"failure":0}
{"cycle":564,"s1":666,"s2":1.387331636268709,"failure":0}
{"cycle":565,"s1":734,"s2":1.3433018965985193,"failure":0}
{"cycle":566,"s1":616,"s2":0.21010070633518046,"failure":0}
{"cycle":567,"s1":652,"s2":0.9719277050122411,"failure":0}
{"cycle":568,"s1":508,"s2":0.5618904436214988,"failure":0}
{"cycle":569,"s1":719,"s2":0.8138308030635569,"failure":0}
{"cycle":570,"s1":509,"s2":1.0353303469427921,"failure":0}
{"cycle":571,"s1":543,"s2":0.682402850144806,"failure":0}
{"cycle":572,"s1":719,"s2":0.9904506486806957,"failure":0}
{"cycle":573,"s1":540,"s2":0.7053849093467998,"failure":0}
{"cycle":574,"s1":681,"s2":1.4005527814804184,"failure":0}
