{"cycle":513,"s1":735,"s2":0.9117237446189013,"failure":0}
{"cycle":514,"s1":712,"s2":1.1089816915002928,"failure":0}
{"cycle":515,"s1":722,"s2":1.4015758743094153,"failure":0}
{"cycle":516,"s1":582,"s2":1.288398012612142,"failure":0}
{"cycle":517,"s1":527,"s2":1.629624931311432,"failure":0}
{"cycle":518,"s1":531,"s2":1.2084675991588811,"failure":0}
{"cycle":519,"s1":660,"s2":1.236964217886425,"failure":0}
{"cycle":520,"s1":710,"s2":1.0170438098460348,"failure":0}
{"cycle":521,"s1":605,"s2":1.0999997398359436,"failure":0}
{"cycle":522,"s1":559,"s2":0.6269434242271262,"failure":0}
{"cycle":523,"s1":623,"s2":1.1324319340968625,"failure":0}
{"cycle":524,"s1":639,"s2":0.6099358087105587,"failure":0}
{"cycle":525,"s1":521,"s2":0.8055188586572568,"failure":0}
{"cycle":526,"s1":726,"s2":2.117655759740467,"failure":0}
{"cycle":527,"s1":707,"s2":2.00978811771509,"failure":0}
{"cycle":528,"s1":671,"s2":1.5367762987883509,"failure":0}
{"cycle":529,"s1":699,"s2":1.2680458817470766,"failure":0}
{"cycle":530,"s1":554,"s2":0.9170255248041131,"failure":0}
{"cycle":531,"s1":609,"s2":1.0429738874024064,"failure":0}
{"cycle":532,"s1":690,"s2":0.9771978025798488,"failure":0}
{"cycle":533,"s1":676,"s2":1.161160466139995,"failure":0}
{"cycle":534,"s1":608,"s2":0.6700156547533624,"failure":0}
{"cycle":535,"s1":639,"s2":0.37611461888334285,"failure":0}
{"cycle":536,"s1":555,"s2":1.4952151016137933,"failure":0}
{"cycle":537,"s1":668,"s2":0.7737099543914668,"failure":0}
{"cycle":538,"s1":597,"s2":1.5507189906669834,"failure":0}
{"cycle":539,"s1":550,"s2":1.2707783029911892,"failure":0}
{"cycle":540,"s1":652,"s2":0.9861830578043611,"failure":0}
{"cycle":541,"s1":540,"s2":0.6690322171902329,"failure":0}
{"cycle":542,"s1":667,"s2":0.42008738328487966,"failure":0}
{"cycle":543,"s1":682,"s2":2.818052539118233,"failure":0}
{"cycle":544,"s1":641,"s2":0.4784037287679285,"failure":0}
{"cycle":545,"s1":663,"s2":1.5334151876746787,"failure":0}
{"cycle":546,"s1":745,"s2":0.5058505885456637,"failure":0}
{"cycle":547,"s1":642,"s2":0.35570238429844286,"failure":0}
{"cycle":548,"s1":681,"s2":0.8472739077205489,"failure":0}
{"cycle":549,"s1":592,"s2":0.4275616810212199,"failure":0}
{"cycle":550,"s1":716,"s2":0.8410888266462029,"failure":0}
{"cycle":551,"s1":667,"s2":1.623215344532254,"failure":0}
{"cycle":552,"s1":626,"s2":1.1479804178603812,"failure":0}
{"cycle":553,"s1":570,"s2":0.8789701422168607,"failure":0}
{"cycle":554,"s1":735,"s2":1.3948524216863287,"failure":0}
{"cycle":555,"s1":555,"s2":0.6076522996161795,"failure":0}
{"cycle":556,"s1":608,"s2":1.5152359638571895,"failure":0}
{"cycle":557,"s1":600,"s2":0.9997422760674176,"failure":0}
{"cycle":558,"s1":672,"s2":1.977862197630015,"failure":0}
{"cycle":559,"s1":560,"s2":0.8319199259915662,"failure":0}
{"cycle":560,"s1":691,"s2":0.9973705463838403,"failure":0}
{"cycle":561,"s1":714,"s2":0.8594607620204089,"failure":0}
{"cycle":562,"s1":660,"s2":2.02851819122869,"failure":0}
{"cycle":563,"s1":721,"s2":0.7118193807312198,"failure":0}
{"cycle":564,"s1":647,"s2":1.853346682687682,"failure":0}
{"cycle":565,"s1":628,"s2":1.3882709674143512,"failure":0}
{"cycle":566,"s1":644,"s2":1.1473380439378629,"failure":0}
{"cycle":567,"s1":621,"s2":2.0154508165446794,"failure":0}
{"cycle":568,"s1":545,"s2":1.0399650851997055,"failure":0}
{"cycle":569,"s1":628,"s2":0.7083000215661921,"failure":0}
{"cycle":570,"s1":510,"s2":0.8512455602916523,"failure":0}
{"cycle":571,"s1":733,"s2":0.833198321090251,"failure":0}
{"cycle":572,"s1":527,"s2":0.9103879297143493,"failure":0}
{"cycle":573,"s1":651,"s2":1.4208357973257568,"failure":0}
{"cycle":574,"s1":562,"s2":0.7035888727915262,"failure":0}
{"cycle":575,"s1":615,"s2":1.893022364193064,"failure":0}
{"cycle":576,"s1":532,"s2":1.1200537958294623,"failure":0}
{"cycle":577,"s1":509,"s2":0.6910834933545091,"failure":0}
{"cycle":578,"s1":691,"s2":0.881130614173174,"failure":0}
{"cycle":579,"s1":627,"s2":1.0374984950844137,"failure":0}
{"cycle":580,"s1":519,"s2":0.5691556494020673,"failure":0}
{"cycle":581,"s1":558,"s2":0.5417111021297131,"failure":0}
{"cycle":582,"s1":662,"s2":0.821179621788449,"failure":0}
{"cycle":583,"s1":621,"s2":1.1236782570705104,"failure":0}
{"cycle":584,"s1":504,"s2":0.41998379017569076,"failure":0}
{"cycle":585,"s1":589,"s2":0.6597388195588734,"failure":0}
{"cycle":586,"s1":691,"s2":1.492434953896566,"failure":0}
{"cycle":587,"s1":541,"s2":0.743158083832147,"failure":0}
{"cycle":588,"s1":684,"s2":1.0165322865883426,"failure":0}
{"cycle":589,"s1":500,"s2":0.5387282092614227,"failure":0}
{"cycle":590,"s1":535,"s2":0.8180606693404439,"failure":0}
{"cycle":591,"s1":681,"s2":0.8749853925154147,"failure":0}
{"cycle":592,"s1":543,"s2":0.6642564065207853,"failure":0}
{"cycle":593,"s1":746,"s2":0.4544879005039023,"failure":0}
{"cycle":594,"s1":693,"s2":0.7775165557872661,"failure":0}
{"cycle":595,"s1":747,"s2":0.9735564615053056,"failure":0}
{"cycle":596,"s1":649,"s2":0.6731376478044704,"failure":0}
{"cycle":597,"s1":608,"s2":1.0341706793181393,"failure":0}
{"cycle":598,"s1":572,"s2":1.5415237382734182,"failure":0}
{"cycle":599,"s1":564,"s2":1.2844941119876425,"failure":0}
{"cycle":600,"s1":651,"s2":0.7008447282396232,"failure":0}
{"cycle":601,"s1":570,"s2":0.6211344335508171,"failure":0}
{"cycle":602,"s1":641,"s2":0.47704675204294233,"failure":0}
{"cycle":603,"s1":742,"s2":1.221494304279075,"failure":0}
{"cycle":604,"s1":726,"s2":1.2341154367589817,"failure":0}
{"cycle":605,"s1":563,"s2":1.0879982576658531,"failure":0}
{"cycle":606,"s1":700,"s2":1.3167397276792898,"failure":0}
{"cycle":607,"s1":710,"s2":1.4199781391752064,"failure":0}
{"cycle":608,"s1":717,"s2":1.1508443534831834,"failure":0}
{"cycle":609,"s1":746,"s2":1.0624089512662995,"failure":0}
{"cycle":610,"s1":585,"s2":1.7265329244506293,"failure":0}
{"cycle":611,"s1":519,"s2":1.1243236742078084,"failure":0}
{"cycle":612,"s1":645,"s2":1.5542914951651685,"failure":0}
{"cycle":613,"s1":641,"s2":0.21380350344261823,"failure":0}
{"cycle":614,"s1":704,"s2":1.1316738009800633,"failure":0}
{"cycle":615,"s1":644,"s2":0.5322134886903078,"failure":0}
{"cycle":616,"s1":530,"s2":0.5438637349743702,"failure":0}
{"cycle":617,"s1":725,"s2":0.8577654057330534,"failure":0}
{"cycle":618,"s1":671,"s2":0.811309561259734,"failure":0}
{"cycle":619,"s1":682,"s2":0.5290988089803881,"failure":0}
{"cycle":620,"s1":526,"s2":1.7147007792046218,"failure":0}
