{"cycle":621,"s1":921,"s2":1.4536742601139025,"failure":1}
{"cycle":622,"s1":820,"s2":1.190450723579295,"failure":1}
{"cycle":623,"s1":580,"s2":0.9921441208708991,"failure":1}
{"cycle":624,"s1":559,"s2":0.8712766618374113,"failure":1}
{"cycle":625,"s1":760,"s2":1.1343425335091852,"failure":1}
{"cycle":626,"s1":567,"s2":0.9389692656677197,"failure":1}
{"cycle":627,"s1":776,"s2":0.1271285243513421,"failure":1}
{"cycle":628,"s1":531,"s2":0.4421446823005556,"failure":1}
{"cycle":629,"s1":947,"s2":1.1707262675714205,"failure":1}
{"cycle":630,"s1":852,"s2":0.5848651051007244,"failure":1}
{"cycle":631,"s1":637,"s2":0.6019579531166825,"failure":1}
{"cycle":632,"s1":641,"s2":0.7004302428704895,"failure":1}
{"cycle":633,"s1":675,"s2":0.7569163464128499,"failure":1}
{"cycle":634,"s1":979,"s2":0.746839885969829,"failure":1}
{"cycle":635,"s1":760,"s2":1.0061508397851153,"failure":1}
{"cycle":636,"s1":505,"s2":0.9173859157765234,"failure":1}
{"cycle":637,"s1":551,"s2":1.446373726816967,"failure":1}
{"cycle":638,"s1":513,"s2":1.5649915261201288,"failure":1}
{"cycle":639,"s1":743,"s2":0.6987457441028938,"failure":1}
{"cycle":640,"s1":618,"s2":0.5398510029303837,"failure":1}
{"cycle":641,"s1":864,"s2":1.3741764951546043,"failure":1}
{"cycle":642,"s1":798,"s2":0.9693490708396105,"failure":1}
{"cycle":643,"s1":897,"s2":1.3090467355227484,"failure":1}
{"cycle":644,"s1":644,"s2":0.7232157179277016,"failure":1}
{"cycle":645,"s1":654,"s2":0.8794411522671849,"failure":1}
{"cycle":646,"s1":583,"s2":0.7128492958279035,"failure":1}
{"cycle":647,"s1":654,"s2":0.8130698019374296,"failure":1}
{"cycle":648,"s1":695,"s2":0.5667078186779022,"failure":1}
{"cycle":649,"s1":837,"s2":0.8592072536180856,"failure":1}
{"cycle":650,"s1":615,"s2":0.9579246631718148,"failure":1}
{"cycle":651,"s1":570,"s2":0.22074910347551174,"failure":1}
{"cycle":652,"s1":609,"s2":0.8075066068353672,"failure":1}
{"cycle":653,"s1":651,"s2":1.588862287758716,"failure":1}
{"cycle":654,"s1":745,"s2":0.8438597678165808,"failure":1}
{"cycle":655,"s1":989,"s2":0.9412537064598274,"failure":1}
{"cycle":656,"s1":835,"s2":0.9156639741324165,"failure":1}
{"cycle":657,"s1":522,"s2":0.7301839315260813,"failure":1}
{"cycle":658,"s1":695,"s2":0.5633019647066309,"failure":1}
{"cycle":659,"s1":849,"s2":0.6911903478061852,"failure":1}
{"cycle":660,"s1":526,"s2":0.9179476146050369,"failure":1}
{"cycle":661,"s1":879,"s2":0.5930702049947326,"failure":1}
{"cycle":662,"s1":540,"s2":0.9682200206171769,"failure":1}
{"cycle":663,"s1":846,"s2":1.040843777360161,"failure":1}
{"cycle":664,"s1":930,"s2":1.2997146689656651,"failure":1}
{"cycle":665,"s1":921,"s2":0.5998354859508284,"failure":1}
{"cycle":666,"s1":826,"s2":0.8401938980747445,"failure":1}
{"cycle":667,"s1":730,"s2":1.2301786562905934,"failure":1}
{"cycle":668,"s1":711,"s2":1.8832103645582925,"failure":1}
{"cycle":669,"s1":973,"s2":0.7615146546836461,"failure":1}
{"cycle":670,"s1":628,"s2":1.2894880304102336,"failure":1}
{"cycle":671,"s1":800,"s2":0.9168347717311987,"failure":1}
